n,growth_factor,load_threshold,input_type,elapsed_time_mean,elapsed_time_median,elapsed_time_std,elapsed_time_min,elapsed_time_max,time_per_operation_mean,time_per_operation_median,time_per_operation_std,time_per_operation_min,time_per_operation_max,collisions_mean,collisions_median,collisions_std,collisions_min,collisions_max,rehashes_mean,rehashes_median,rehashes_std,rehashes_min,rehashes_max,rehash_operations_mean,rehash_operations_median,rehash_operations_std,rehash_operations_min,rehash_operations_max,final_capacity_mean,final_capacity_median,final_capacity_std,final_capacity_min,final_capacity_max,unused_capacity_mean,unused_capacity_median,unused_capacity_std,unused_capacity_min,unused_capacity_max,utilization_mean,utilization_median,utilization_std,utilization_min,utilization_max,estimated_memory_mean,estimated_memory_median,estimated_memory_std,estimated_memory_min,estimated_memory_max,total_operation_cost_mean,total_operation_cost_median,total_operation_cost_std,total_operation_cost_min,total_operation_cost_max,amortized_cost_mean,amortized_cost_median,amortized_cost_std,amortized_cost_min,amortized_cost_max
1000,1.5,0.5,random,0.0011267133323902034,0.00111349999497175,6.079491218390442e-05,0.001082500006305,0.0013997000060044,1.1267133323902573e-06,1.1134999949717895e-06,6.079491218390155e-08,1.082500006305054e-06,1.399700006004423e-06,325.8333333333333,322.0,18.45793602488779,291,377,12.0,12.0,0.0,12,12,2084.0,2084.0,0.0,2084,2084,2093.0,2093.0,0.0,2093,2093,1093.0,1093.0,0.0,1093,1093,0.4777830864787386,0.4777830864787386,0.0,0.4777830864787386,0.4777830864787386,189254.4,189200.0,407.99945909363106,188560,190192,9252.0,9252.0,0.0,9252,9252,9.252,9.252,0.0,9.252,9.252
1000,1.5,0.75,random,0.001989093334608037,0.0010050500059151,0.0052838218933117685,0.0009663000091677,0.0299586999899474,1.9890933346080904e-06,1.0050500059151091e-06,5.283821893311775e-06,9.66300009167753e-07,2.995869998994749e-05,453.2,450.0,18.26887309436274,422,495,11.0,11.0,0.0,11,11,2073.0,2073.0,0.0,2073,2073,1395.0,1395.0,0.0,1395,1395,395.0,395.0,0.0,395,395,0.7168458781362007,0.7168458781362007,0.0,0.7168458781362007,0.7168458781362007,140519.46666666667,140592.0,514.3863926267278,138624,141216,9219.0,9219.0,0.0,9219,9219,9.219,9.219,0.0,9.219,9.219
1000,1.5,0.9,random,0.0019800066656898165,0.00109434999467335,0.004822794271447955,0.0010575000051176,0.0275143000035313,1.9800066656898707e-06,1.0943499946733937e-06,4.8227942714479626e-06,1.0575000051176177e-06,2.751430000353139e-05,513.2,514.0,15.454940065033997,487,552,11.0,11.0,0.0,11,11,2484.0,2484.0,0.0,2484,2484,1395.0,1395.0,0.0,1395,1395,395.0,395.0,0.0,395,395,0.7168458781362007,0.7168458781362007,0.0,0.7168458781362007,0.7168458781362007,140519.46666666667,140592.0,514.3863926267278,138624,141216,10452.0,10452.0,0.0,10452,10452,10.452,10.452,0.0,10.452,10.452
1000,2.0,0.5,random,0.0016760399991956334,0.00071620000380785,0.005257708415664458,0.000690900007612,0.0295137000066461,1.676039999195685e-06,7.162000038078987e-07,5.2577084156644484e-06,6.909000076120719e-07,2.9513700006646103e-05,295.76666666666665,293.5,11.406844083883282,279,335,7.0,7.0,0.0,7,7,1023.0,1023.0,0.0,1023,1023,2048.0,2048.0,0.0,2048,2048,1048.0,1048.0,0.0,1048,1048,0.48828125,0.48828125,0.0,0.48828125,0.48828125,186773.86666666667,186856.0,321.5337954386667,185656,187256,6069.0,6069.0,0.0,6069,6069,6.069,6.069,0.0,6.069,6.069
1000,2.0,0.75,random,0.0008372166669383766,0.00083535000158005,2.511978341044142e-05,0.0007936000038171,0.0009500000014668,8.372166669384265e-07,8.353500015800819e-07,2.5119783410440435e-08,7.936000038171187e-07,9.50000001466833e-07,398.26666666666665,398.0,10.709110956156177,379,426,7.0,7.0,0.0,7,7,1531.0,1531.0,0.0,1531,1531,2048.0,2048.0,0.0,2048,2048,1048.0,1048.0,0.0,1048,1048,0.48828125,0.48828125,0.0,0.48828125,0.48828125,186773.86666666667,186856.0,321.5337954386667,185656,187256,7593.0,7593.0,0.0,7593,7593,7.593,7.593,0.0,7.593,7.593
1000,2.0,0.9,random,0.00090474666649237,0.0009075000052689,1.6940703215128093e-05,0.0008631999953649,0.0009317999938502,9.047466664924286e-07,9.075000052689574e-07,1.694070321513116e-08,8.631999953649938e-07,9.317999938502908e-07,469.9,470.5,9.326824495636972,452,488,7.0,7.0,0.0,7,7,1832.0,1832.0,0.0,1832,1832,2048.0,2048.0,0.0,2048,2048,1048.0,1048.0,0.0,1048,1048,0.48828125,0.48828125,0.0,0.48828125,0.48828125,186773.86666666667,186856.0,321.5337954386667,185656,187256,8496.0,8496.0,0.0,8496,8496,8.496,8.496,0.0,8.496,8.496
1000,3.0,0.5,random,0.00076165333351426,0.0007535500044468,3.1473150245850946e-05,0.0007285000028787,0.0008944000001065,7.61653333514308e-07,7.535500044468791e-07,3.147315024585331e-08,7.285000028787181e-07,8.944000001065433e-07,238.73333333333332,240.0,13.711141538867237,210,264,5.0,5.0,0.0,5,5,973.0,973.0,0.0,973,973,3888.0,3888.0,0.0,3888,3888,2888.0,2888.0,0.0,2888,2888,0.257201646090535,0.257201646090535,0.0,0.257201646090535,0.257201646090535,307487.4666666667,307512.0,371.63383288813895,306488,308120,5919.0,5919.0,0.0,5919,5919,5.919,5.919,0.0,5.919,5.919
1000,3.0,0.75,random,0.0008818533344310199,0.00085830000170965,7.890934262638294e-05,0.0008195999980671,0.0012067999923601,8.818533344310708e-07,8.583000017097219e-07,7.890934262638315e-08,8.195999980671331e-07,1.2067999923601747e-06,373.7,371.5,11.7272156203805,348,401,5.0,5.0,0.0,5,5,1457.0,1457.0,0.0,1457,1457,3888.0,3888.0,0.0,3888,3888,2888.0,2888.0,0.0,2888,2888,0.257201646090535,0.257201646090535,0.0,0.257201646090535,0.257201646090535,307487.4666666667,307512.0,371.63383288813895,306488,308120,7371.0,7371.0,0.0,7371,7371,7.371,7.371,0.0,7.371,7.371
1000,3.0,0.9,random,0.0005004766663962933,0.000500699999975,7.755341390334577e-06,0.0004886999959126,0.0005233000119915,5.004766663963286e-07,5.006999999750406e-07,7.755341390330499e-09,4.886999959126115e-07,5.233000119915232e-07,412.0,413.5,11.811741674254067,386,434,4.0,4.0,0.0,4,4,578.0,578.0,0.0,578,578,1296.0,1296.0,0.0,1296,1296,296.0,296.0,0.0,296,296,0.7716049382716049,0.7716049382716049,0.0,0.7716049382716049,0.7716049382716049,134518.93333333332,134520.0,353.7993716816038,133720,135192,4734.0,4734.0,0.0,4734,4734,4.734,4.734,0.0,4.734,4.734
5000,1.5,0.5,random,0.007758199999322283,0.00583409999671855,0.0073397724959539225,0.0055581000051461,0.0349712000024737,1.5516399998644677e-06,1.1668199993437156e-06,1.4679544991907853e-06,1.1116200010292232e-06,6.994240000494756e-06,1678.0,1634.5,183.06942342484024,1550,2592,16.0,16.0,0.0,16,16,10591.0,10591.0,0.0,10591,10591,10598.0,10598.0,0.0,10598,10598,5598.0,5598.0,0.0,5598,5598,0.4717871296471032,0.4717871296471032,0.0,0.4717871296471032,0.4717871296471032,947470.4,948312.0,2910.4584020983443,937608,949960,46773.0,46773.0,0.0,46773,46773,9.3546,9.3546,0.0,9.3546,9.3546
5000,1.5,0.75,random,0.007056373333519583,0.005167449999134949,0.007114089870760633,0.0049506999930599,0.0333858000085456,1.4112746667039269e-06,1.0334899998269974e-06,1.422817974152125e-06,9.90139998611994e-07,6.677160001709126e-06,2310.1666666666665,2258.5,228.5584635588187,2156,3465,15.0,15.0,0.0,15,15,10579.0,10579.0,0.0,10579,10579,7065.0,7065.0,0.0,7065,7065,2065.0,2065.0,0.0,2065,2065,0.7077140835102619,0.7077140835102619,0.0,0.7077140835102619,0.7077140835102619,709479.4666666667,712016.0,10311.611438779471,656464,713200,46737.0,46737.0,0.0,46737,46737,9.3474,9.3474,0.0,9.3474,9.3474
5000,1.5,0.9,random,0.007885379999546126,0.0057192500025848,0.008269458982746565,0.0054244999919319,0.0421809999970719,1.5770759999092358e-06,1.1438500005169773e-06,1.6538917965493109e-06,1.0848999983863906e-06,8.436199999414384e-06,2601.866666666667,2581.5,171.97889472224526,2454,3468,15.0,15.0,0.0,15,15,12691.0,12691.0,0.0,12691,12691,7065.0,7065.0,0.0,7065,7065,2065.0,2065.0,0.0,2065,2065,0.7077140835102619,0.7077140835102619,0.0,0.7077140835102619,0.7077140835102619,709479.4666666667,712016.0,10311.611438779471,656464,713200,53073.0,53073.0,0.0,53073,53073,10.6146,10.6146,0.0,10.6146,10.6146
5000,2.0,0.5,random,0.008104236666986207,0.0051277499951538005,0.009214130939988067,0.0047562999970978,0.0371859000006224,1.6208473333972507e-06,1.0255499990307727e-06,1.8428261879976144e-06,9.512599994195624e-07,7.4371800001244994e-06,1436.2333333333333,1432.5,31.572230632732264,1392,1543,10.0,10.0,0.0,10,10,8194.0,8194.0,0.0,8194,8194,16384.0,16384.0,0.0,16384,16384,11384.0,11384.0,0.0,11384,11384,0.30517578125,0.30517578125,0.0,0.30517578125,0.30517578125,1334125.3333333333,1334648.0,2114.244714465121,1324504,1336024,39582.0,39582.0,0.0,39582,39582,7.9164,7.9164,0.0,7.9164,7.9164
5000,2.0,0.75,random,0.00574570666503854,0.00380515000142615,0.007336510679745089,0.0035906999983126,0.0332128000009106,1.1491413330077193e-06,7.610300002852455e-07,1.467302135949018e-06,7.18139999662526e-07,6.642560000182129e-06,2010.8333333333333,2011.0,24.291453489729236,1958,2044,9.0,9.0,0.0,9,9,6141.0,6141.0,0.0,6141,6141,8192.0,8192.0,0.0,8192,8192,3192.0,3192.0,0.0,3192,3192,0.6103515625,0.6103515625,0.0,0.6103515625,0.6103515625,787718.9333333333,787736.0,652.4977438636146,786392,788632,33423.0,33423.0,0.0,33423,33423,6.6846,6.6846,0.0,6.6846,6.6846
5000,2.0,0.9,random,0.0059299133320260934,0.0040372500006924,0.0071720113668747145,0.003869999985909,0.0327207000082125,1.1859826664052282e-06,8.074500001384878e-07,1.4344022733749434e-06,7.739999971818179e-07,6.544140001642518e-06,2292.8,2291.0,23.81016879257758,2242,2338,9.0,9.0,0.0,9,9,7363.0,7363.0,0.0,7363,7363,8192.0,8192.0,0.0,8192,8192,3192.0,3192.0,0.0,3192,3192,0.6103515625,0.6103515625,0.0,0.6103515625,0.6103515625,787718.9333333333,787736.0,652.4977438636146,786392,788632,37089.0,37089.0,0.0,37089,37089,7.4178,7.4178,0.0,7.4178,7.4178
5000,3.0,0.5,random,0.00297493666730583,0.0029286499993759,0.0002104723108871122,0.0027312000020174,0.0038989999884506,5.949873334611766e-07,5.857299998751841e-07,4.20944621774226e-08,5.462400004034862e-07,7.797999976901338e-07,1275.0333333333333,1263.5,88.91238745910583,1198,1705,6.0,6.0,0.0,6,6,2918.0,2918.0,0.0,2918,2918,11664.0,11664.0,0.0,11664,11664,6664.0,6664.0,0.0,6664,6664,0.4286694101508916,0.4286694101508916,0.0,0.4286694101508916,0.4286694101508916,1020784.5333333333,1021464.0,3315.8364808621536,1004152,1023512,23754.0,23754.0,0.0,23754,23754,4.7508,4.7508,0.0,4.7508,4.7508
5000,3.0,0.75,random,0.0051580100000137,0.00326800000038925,0.007118337177110086,0.0031308000034186,0.0318486000032862,1.031602000002749e-06,6.536000000778586e-07,1.423667435422017e-06,6.261600006837398e-07,6.3697200006572526e-06,1682.4333333333334,1670.0,66.94912290292736,1604,1990,6.0,6.0,0.0,6,6,4374.0,4374.0,0.0,4374,4374,11664.0,11664.0,0.0,11664,11664,6664.0,6664.0,0.0,6664,6664,0.4286694101508916,0.4286694101508916,0.0,0.4286694101508916,0.4286694101508916,1020784.5333333333,1021464.0,3315.8364808621536,1004152,1023512,28122.0,28122.0,0.0,28122,28122,5.6244,5.6244,0.0,5.6244,5.6244
5000,3.0,0.9,random,0.00544215333211464,0.00353950000135225,0.007212744507572223,0.0033693000004859,0.0330887000018265,1.088430666422937e-06,7.079000002704561e-07,1.4425489015144435e-06,6.738600000971929e-07,6.617740000365302e-06,1969.0,1961.0,56.11195705139799,1897,2210,6.0,6.0,0.0,6,6,5245.0,5245.0,0.0,5245,5245,11664.0,11664.0,0.0,11664,11664,6664.0,6664.0,0.0,6664,6664,0.4286694101508916,0.4286694101508916,0.0,0.4286694101508916,0.4286694101508916,1020784.5333333333,1021464.0,3315.8364808621536,1004152,1023512,30735.0,30735.0,0.0,30735,30735,6.147,6.147,0.0,6.147,6.147
10000,1.5,0.5,random,0.020925953334274973,0.01357840000127905,0.013924045599657714,0.0131426000007195,0.0600021000136621,2.092595333427501e-06,1.3578400001279079e-06,1.3924045599657718e-06,1.314260000071954e-06,6.000210001366213e-06,3361.133333333333,3242.5,343.4655765849768,3140,4432,18.0,18.0,0.0,18,18,23840.0,23840.0,0.0,23840,23840,23846.0,23846.0,0.0,23846,23846,13846.0,13846.0,0.0,13846,13846,0.4193575442422209,0.4193575442422209,0.0,0.4193575442422209,0.4193575442422209,2065300.8,2076056.0,32879.09572378466,1942024,2078440,101520.0,101520.0,0.0,101520,101520,10.152,10.152,0.0,10.152,10.152
10000,1.5,0.75,random,0.01684719999902877,0.0120781500008888,0.011033420470480242,0.0113840000121854,0.0430139000091003,1.6847199999028816e-06,1.2078150000888856e-06,1.1033420470480238e-06,1.1384000012185424e-06,4.301390000910033e-06,4540.766666666666,4483.5,230.88416013728371,4398,5587,17.0,17.0,0.0,17,17,23827.0,23827.0,0.0,23827,23827,15897.0,15897.0,0.0,15897,15897,5897.0,5897.0,0.0,5897,5897,0.6290495061961376,0.6290495061961376,0.0,0.6290495061961376,0.6290495061961376,1547912.5333333334,1548528.0,4433.498033065476,1525424,1552080,101481.0,101481.0,0.0,101481,101481,10.1481,10.1481,0.0,10.1481,10.1481
10000,1.5,0.9,random,0.01720383333449713,0.0132030500026303,0.010436896979327471,0.0123364000028232,0.0457074000005377,1.7203833334497176e-06,1.3203050002630332e-06,1.043689697932748e-06,1.2336400002823211e-06,4.570740000053774e-06,5221.7,5168.5,254.47554587479706,5060,6469,17.0,17.0,0.0,17,17,28589.0,28589.0,0.0,28589,28589,15897.0,15897.0,0.0,15897,15897,5897.0,5897.0,0.0,5897,5897,0.6290495061961376,0.6290495061961376,0.0,0.6290495061961376,0.6290495061961376,1547912.5333333334,1548528.0,4433.498033065476,1525424,1552080,115767.0,115767.0,0.0,115767,115767,11.5767,11.5767,0.0,11.5767,11.5767
10000,2.0,0.5,random,0.017908909999823617,0.01106989999971115,0.012793100954368626,0.0101664999965578,0.0432158000039635,1.7908909999823665e-06,1.1069899999711199e-06,1.2793100954368622e-06,1.0166499996557832e-06,4.321580000396352e-06,2873.2,2847.0,87.71757186443948,2739,3096,11.0,11.0,0.0,11,11,16387.0,16387.0,0.0,16387,16387,32768.0,32768.0,0.0,32768,32768,22768.0,22768.0,0.0,22768,22768,0.30517578125,0.30517578125,0.0,0.30517578125,0.30517578125,2671656.0,2673384.0,5513.901278618069,2647640,2675608,79161.0,79161.0,0.0,79161,79161,7.9161,7.9161,0.0,7.9161,7.9161
10000,2.0,0.75,random,0.011031530001976788,0.0080662999971536,0.009076007860246524,0.0075839000055566,0.0383176000032108,1.1031530001976838e-06,8.066299997153692e-07,9.076007860246524e-07,7.583900005556643e-07,3.831760000321083e-06,4027.766666666667,4023.0,56.73208867173383,3948,4162,10.0,10.0,0.0,10,10,12286.0,12286.0,0.0,12286,12286,16384.0,16384.0,0.0,16384,16384,6384.0,6384.0,0.0,6384,6384,0.6103515625,0.6103515625,0.0,0.6103515625,0.6103515625,1577199.4666666666,1577800.0,2385.7516668949024,1568376,1580248,66858.0,66858.0,0.0,66858,66858,6.6858,6.6858,0.0,6.6858,6.6858
10000,2.0,0.9,random,0.012462889998278067,0.00863459999527545,0.01003087557120347,0.0079808000009506,0.0381783000048017,1.2462889998278115e-06,8.634599995275494e-07,1.0030875571203463e-06,7.980800000950694e-07,3.817830000480172e-06,4589.533333333334,4588.0,49.331904297413665,4508,4713,10.0,10.0,0.0,10,10,14736.0,14736.0,0.0,14736,14736,16384.0,16384.0,0.0,16384,16384,6384.0,6384.0,0.0,6384,6384,0.6103515625,0.6103515625,0.0,0.6103515625,0.6103515625,1577199.4666666666,1577800.0,2385.7516668949024,1568376,1580248,74208.0,74208.0,0.0,74208,74208,7.4208,7.4208,0.0,7.4208,7.4208
10000,3.0,0.5,random,0.01291494333466587,0.0080715000003692,0.011314180619196167,0.0070010000054026,0.0400084000139031,1.2914943334665925e-06,8.071500000369269e-07,1.1314180619196167e-06,7.001000005402602e-07,4.000840001390316e-06,2353.3,2338.0,129.7411614157868,2262,3016,7.0,7.0,0.0,7,7,8751.0,8751.0,0.0,8751,8751,34992.0,34992.0,0.0,34992,34992,24992.0,24992.0,0.0,24992,24992,0.2857796067672611,0.2857796067672611,0.0,0.2857796067672611,0.2857796067672611,2834682.1333333333,2834984.0,3137.451411722618,2819000,2837272,56253.0,56253.0,0.0,56253,56253,5.6253,5.6253,0.0,5.6253,5.6253
10000,3.0,0.75,random,0.015479686668065023,0.00924249999661695,0.012660969952809527,0.0086172000010265,0.0420157000044127,1.5479686668065065e-06,9.24249999661697e-07,1.2660969952809535e-06,8.617200001026504e-07,4.201570000441279e-06,3596.7,3577.5,150.72883851015615,3491,4368,7.0,7.0,0.0,7,7,13123.0,13123.0,0.0,13123,13123,34992.0,34992.0,0.0,34992,34992,24992.0,24992.0,0.0,24992,24992,0.2857796067672611,0.2857796067672611,0.0,0.2857796067672611,0.2857796067672611,2834682.1333333333,2834984.0,3137.451411722618,2819000,2837272,69369.0,69369.0,0.0,69369,69369,6.9369,6.9369,0.0,6.9369,6.9369
10000,3.0,0.9,random,0.007411640002101144,0.005386100005125551,0.007725738779741143,0.0048490000044694,0.0374446000059833,7.411640002101194e-07,5.386100005125627e-07,7.72573877974115e-07,4.849000004469417e-07,3.7444600005983378e-06,4304.733333333334,4276.0,150.38156832522432,4198,5074,6.0,6.0,0.0,6,6,5245.0,5245.0,0.0,5245,5245,11664.0,11664.0,0.0,11664,11664,1664.0,1664.0,0.0,1664,1664,0.8573388203017832,0.8573388203017832,0.0,0.8573388203017832,0.8573388203017832,1246399.4666666666,1247432.0,5258.926780072229,1219160,1248824,45735.0,45735.0,0.0,45735,45735,4.5735,4.5735,0.0,4.5735,4.5735
25000,1.5,0.5,random,0.05393459666568859,0.06410464999498795,0.01747358542399995,0.0330735000025015,0.0850765999930445,2.1573838666275455e-06,2.56418599979952e-06,6.989434169599983e-07,1.3229400001000614e-06,3.4030639997217805e-06,8750.033333333333,8164.5,1388.8407590587874,7958,13105,20.0,20.0,0.0,20,20,53649.0,53649.0,0.0,53649,53649,53654.0,53654.0,0.0,53654,53654,28654.0,28654.0,0.0,28654,28654,0.4659484847355276,0.4659484847355276,0.0,0.4659484847355276,0.4659484847355276,4786149.866666666,4799032.0,56715.7163474923,4491112,4804648,235947.0,235947.0,0.0,235947,235947,9.43788,9.43788,0.0,9.43788,9.43788
25000,1.5,0.75,random,0.04169810999980348,0.0309221499992418,0.015168848830409525,0.0288217999914195,0.0638537999911932,1.6679243999921405e-06,1.2368859999696724e-06,6.067539532163809e-07,1.1528719996567817e-06,2.554151999647729e-06,11852.566666666668,11317.0,1569.0468594425208,11104,17299,19.0,19.0,0.0,19,19,53635.0,53635.0,0.0,53635,53635,35769.0,35769.0,0.0,35769,35769,10769.0,10769.0,0.0,10769,10769,0.6989292404037015,0.6989292404037015,0.0,0.6989292404037015,0.6989292404037015,3572645.3333333335,3599264.0,74956.40138076287,3329264,3604048,235905.0,235905.0,0.0,235905,235905,9.436200000000001,9.4362,0.0,9.4362,9.4362
25000,1.5,0.9,random,0.045538593333427906,0.034112649998860406,0.019606954085510067,0.0317881999944802,0.1152457999996841,1.821543733337118e-06,1.3645059999544173e-06,7.842781634204024e-07,1.2715279997792096e-06,4.609831999987364e-06,13200.066666666668,12815.5,1200.1106539020457,12579,17468,19.0,19.0,0.0,19,19,64359.0,64359.0,0.0,64359,64359,35769.0,35769.0,0.0,35769,35769,10769.0,10769.0,0.0,10769,10769,0.6989292404037015,0.6989292404037015,0.0,0.6989292404037015,0.6989292404037015,3572645.3333333335,3599264.0,74956.40138076287,3329264,3604048,268077.0,268077.0,0.0,268077,268077,10.72308,10.72308,0.0,10.72308,10.72308
25000,2.0,0.5,random,0.04317250666839143,0.0414885499994852,0.018156529281283175,0.0239168999978574,0.0851726999972015,1.7269002667356592e-06,1.6595419999794102e-06,7.262611712513274e-07,9.56675999914296e-07,3.4069079998880622e-06,7249.366666666667,7115.0,588.2659194225201,6989,10314,12.0,12.0,0.0,12,12,32772.0,32772.0,0.0,32772,32772,65536.0,65536.0,0.0,65536,65536,40536.0,40536.0,0.0,40536,40536,0.3814697265625,0.3814697265625,0.0,0.3814697265625,0.3814697265625,5602892.266666667,5609880.0,29728.097378062164,5447128,5612952,173316.0,173316.0,0.0,173316,173316,6.93264,6.93264,0.0,6.93264,6.93264
25000,2.0,0.75,random,0.04747930333299636,0.03507235000142825,0.0175649800875807,0.0288386000029277,0.0716692999994847,1.899172133319856e-06,1.402894000057131e-06,7.02599203503228e-07,1.1535440001171082e-06,2.866771999979392e-06,10441.966666666667,10403.5,239.36676278555626,10234,11640,12.0,12.0,0.0,12,12,49152.0,49152.0,0.0,49152,49152,65536.0,65536.0,0.0,65536,65536,40536.0,40536.0,0.0,40536,40536,0.3814697265625,0.3814697265625,0.0,0.3814697265625,0.3814697265625,5602892.266666667,5609880.0,29728.097378062164,5447128,5612952,222456.0,222456.0,0.0,222456,222456,8.89824,8.89824,0.0,8.89824,8.89824
25000,2.0,0.9,random,0.02701309333206149,0.02090679999673735,0.01300781095235924,0.0187554000003729,0.0563507000042591,1.0805237332824616e-06,8.362719998694956e-07,5.203124380943698e-07,7.502160000149161e-07,2.254028000170365e-06,11638.633333333333,11618.5,186.73168715701587,11470,12561,11.0,11.0,0.0,11,11,29482.0,29482.0,0.0,29482,29482,32768.0,32768.0,0.0,32768,32768,7768.0,7768.0,0.0,7768,7768,0.762939453125,0.762939453125,0.0,0.762939453125,0.762939453125,3379443.7333333334,3381464.0,10246.042125463871,3326968,3385176,163446.0,163446.0,0.0,163446,163446,6.53784,6.53784,0.0,6.53784,6.53784
25000,3.0,0.5,random,0.04759759666776512,0.058325099998910404,0.016150445219955657,0.0259016000054543,0.065132599993376,1.903903866710607e-06,2.333003999956418e-06,6.460178087982264e-07,1.0360640002181751e-06,2.6053039997350426e-06,5895.4,5879.0,60.16047505315002,5811,6038,8.0,8.0,0.0,8,8,26248.0,26248.0,0.0,26248,26248,104976.0,104976.0,0.0,104976,104976,79976.0,79976.0,0.0,79976,79976,0.2381496723060509,0.2381496723060509,0.0,0.2381496723060509,0.2381496723060509,8205659.2,8205672.0,2037.8948976317622,8200664,8209080,153744.0,153744.0,0.0,153744,153744,6.14976,6.14976,0.0,6.14976,6.14976
25000,3.0,0.75,random,0.02085188666678727,0.015638900003978003,0.011714262554669137,0.0140051999915158,0.0499167000089073,8.340754666714928e-07,6.255560001591221e-07,4.685705021867653e-07,5.602079996606335e-07,1.996668000356294e-06,9242.966666666667,9250.5,59.60992935879839,9139,9365,7.0,7.0,0.0,7,7,13123.0,13123.0,0.0,13123,13123,34992.0,34992.0,0.0,34992,34992,9992.0,9992.0,0.0,9992,9992,0.7144490169181528,0.7144490169181528,0.0,0.7144490169181528,0.7144490169181528,3552894.4,3552696.0,1662.0975862466257,3548792,3557432,114369.0,114369.0,0.0,114369,114369,4.57476,4.57476,0.0,4.57476,4.57476
25000,3.0,0.9,random,0.021021576664740322,0.01605249999556685,0.01170080218797177,0.0147194000019226,0.0484662999951979,8.40863066589615e-07,6.420999998226762e-07,4.680320875188703e-07,5.887760000769049e-07,1.9386519998079168e-06,10102.6,10109.0,63.40705932633831,9971,10237,7.0,7.0,0.0,7,7,15743.0,15743.0,0.0,15743,15743,34992.0,34992.0,0.0,34992,34992,9992.0,9992.0,0.0,9992,9992,0.7144490169181528,0.7144490169181528,0.0,0.7144490169181528,0.7144490169181528,3552894.4,3552696.0,1662.0975862466257,3548792,3557432,122229.0,122229.0,0.0,122229,122229,4.88916,4.88916,0.0,4.88916,4.88916
50000,1.5,0.5,random,0.14327090999965242,0.13251920000038805,0.01929164672881893,0.1232248000014806,0.1816738000052282,2.865418199993049e-06,2.6503840000077614e-06,3.858329345763788e-07,2.4644960000296125e-06,3.633476000104565e-06,16852.1,16212.5,1679.0111283030606,15935,23472,22.0,22.0,0.0,22,22,120718.0,120718.0,0.0,120718,120718,120722.0,120722.0,0.0,120722,120722,70722.0,70722.0,0.0,70722,70722,0.4141747154619705,0.4141747154619705,0.0,0.4141747154619705,0.4141747154619705,10502476.266666668,10508152.0,27572.25221740538,10358920,10513352,512154.0,512154.0,0.0,512154,512154,10.24308,10.24308,0.0,10.24308,10.24308
50000,1.5,0.75,random,0.10829588666771689,0.11145150000083956,0.013882250721442713,0.075320300005842,0.1246642000041902,2.165917733354339e-06,2.2290300000167917e-06,2.7764501442885423e-07,1.50640600011684e-06,2.493284000083804e-06,23251.8,22450.5,2159.720965373967,22212,30839,21.0,21.0,0.0,21,21,120703.0,120703.0,0.0,120703,120703,80481.0,80481.0,0.0,80481,80481,30481.0,30481.0,0.0,30481,30481,0.6212646463140369,0.6212646463140369,0.0,0.6212646463140369,0.6212646463140369,7818663.466666667,7830640.0,53954.16034179857,7535600,7837136,512109.0,512109.0,0.0,512109,512109,10.24218,10.24218,0.0,10.24218,10.24218
50000,1.5,0.9,random,0.11867481000129672,0.12156479999975996,0.015303720657295133,0.0802536000119289,0.139761800004635,2.3734962000259357e-06,2.4312959999951997e-06,3.0607441314590265e-07,1.6050720002385789e-06,2.7952360000927e-06,26711.5,25889.0,2157.8560200922293,25649,32942,21.0,21.0,0.0,21,21,144841.0,144841.0,0.0,144841,144841,80481.0,80481.0,0.0,80481,80481,30481.0,30481.0,0.0,30481,30481,0.6212646463140369,0.6212646463140369,0.0,0.6212646463140369,0.6212646463140369,7818663.466666667,7830640.0,53954.16034179857,7535600,7837136,584523.0,584523.0,0.0,584523,584523,11.69046,11.69046,0.0,11.69046,11.69046
50000,2.0,0.5,random,0.09786018666733673,0.0992126999990432,0.0077993892344059065,0.0631826000026194,0.1076438000018242,1.9572037333467354e-06,1.9842539999808653e-06,1.5598778468811812e-07,1.2636520000523888e-06,2.152876000036485e-06,14541.133333333333,14196.0,1178.2050852837572,14003,19880,13.0,13.0,0.0,13,13,65541.0,65541.0,0.0,65541,65541,131072.0,131072.0,0.0,131072,131072,81072.0,81072.0,0.0,81072,81072,0.3814697265625,0.3814697265625,0.0,0.3814697265625,0.3814697265625,11219965.333333334,11235688.0,46207.59352831701,11053336,11242104,346623.0,346623.0,0.0,346623,346623,6.93246,6.93246,0.0,6.93246,6.93246
50000,2.0,0.75,random,0.1088323633332038,0.11046290000376749,0.008169248281713837,0.073248999993666,0.1173109999945154,2.1766472666640766e-06,2.2092580000753515e-06,1.6338496563427657e-07,1.4649799998733216e-06,2.346219999890309e-06,20979.066666666666,20797.0,909.0337398743151,20581,25741,13.0,13.0,0.0,13,13,98305.0,98305.0,0.0,98305,98305,131072.0,131072.0,0.0,131072,131072,81072.0,81072.0,0.0,81072,81072,0.3814697265625,0.3814697265625,0.0,0.3814697265625,0.3814697265625,11219965.333333334,11235688.0,46207.59352831701,11053336,11242104,444915.0,444915.0,0.0,444915,444915,8.8983,8.8983,0.0,8.8983,8.8983
50000,2.0,0.9,random,0.06317732666502703,0.05279770000197455,0.01737062295873372,0.0427832999994279,0.0906526999897323,1.2635465333005412e-06,1.0559540000394918e-06,3.4741245917467443e-07,8.556659999885596e-07,1.813053999794647e-06,23363.2,23210.0,757.7324338968941,22964,27327,12.0,12.0,0.0,12,12,58974.0,58974.0,0.0,58974,58974,65536.0,65536.0,0.0,65536,65536,15536.0,15536.0,0.0,15536,15536,0.762939453125,0.762939453125,0.0,0.762939453125,0.762939453125,6761713.6,6770568.0,41848.094075662746,6542360,6777144,326922.0,326922.0,0.0,326922,326922,6.53844,6.53844,0.0,6.53844,6.53844
50000,3.0,0.5,random,0.0601491066680561,0.07200690000172466,0.01803566194135223,0.0382134000101359,0.0826875000057043,1.2029821333611228e-06,1.4401380000344943e-06,3.6071323882704456e-07,7.642680002027191e-07,1.653750000114087e-06,13055.866666666667,13073.5,100.1480742780868,12911,13319,8.0,8.0,0.0,8,8,26248.0,26248.0,0.0,26248,26248,104976.0,104976.0,0.0,104976,104976,54976.0,54976.0,0.0,54976,54976,0.4762993446121018,0.4762993446121018,0.0,0.4762993446121018,0.4762993446121018,9476019.733333332,9476232.0,3008.5485437716616,9469624,9481912,228744.0,228744.0,0.0,228744,228744,4.574879999999999,4.57488,0.0,4.57488,4.57488
50000,3.0,0.75,random,0.0647235833346106,0.07497679999505635,0.018158233675081133,0.0422069000051124,0.085178099994664,1.2944716666922129e-06,1.499535999901127e-06,3.6316467350162253e-07,8.441380001022481e-07,1.7035619998932816e-06,16734.933333333334,16744.0,104.92786794395629,16539,17054,8.0,8.0,0.0,8,8,39368.0,39368.0,0.0,39368,39368,104976.0,104976.0,0.0,104976,104976,54976.0,54976.0,0.0,54976,54976,0.4762993446121018,0.4762993446121018,0.0,0.4762993446121018,0.4762993446121018,9476019.733333332,9476232.0,3008.5485437716616,9469624,9481912,268104.0,268104.0,0.0,268104,268104,5.36208,5.36208,0.0,5.36208,5.36208
50000,3.0,0.9,random,0.06767972333279124,0.0789612499938812,0.017859063649549162,0.0440530000050785,0.0886456000007456,1.3535944666558255e-06,1.5792249998776242e-06,3.5718127299098316e-07,8.8106000010157e-07,1.7729120000149123e-06,19333.466666666667,19308.5,106.72321058776735,19163,19643,8.0,8.0,0.0,8,8,47236.0,47236.0,0.0,47236,47236,104976.0,104976.0,0.0,104976,104976,54976.0,54976.0,0.0,54976,54976,0.4762993446121018,0.4762993446121018,0.0,0.4762993446121018,0.4762993446121018,9476019.733333332,9476232.0,3008.5485437716616,9469624,9481912,291708.0,291708.0,0.0,291708,291708,5.83416,5.83416,0.0,5.83416,5.83416
100000,1.5,0.5,random,0.3803831500001252,0.37999809999746503,0.009797645942402917,0.362920400002622,0.4022778000071412,3.8038315000012513e-06,3.7999809999746497e-06,9.797645942402935e-08,3.6292040000262208e-06,4.022778000071412e-06,32979.066666666666,32440.0,1267.6224808763002,32050,36380,24.0,24.0,0.0,24,24,271622.0,271622.0,0.0,271622,271622,271625.0,271625.0,0.0,271625,271625,171625.0,171625.0,0.0,171625,171625,0.3681546249424758,0.3681546249424758,0.0,0.3681546249424758,0.3681546249424758,23017194.666666668,23054096.0,154076.9594906548,22213488,23059856,1114866.0,1114866.0,0.0,1114866,1114866,11.14866,11.14866,0.0,11.14866,11.14866
100000,1.5,0.75,random,0.2920753533326206,0.29106554999452783,0.009983688913453088,0.2680683999933535,0.31386829999974,2.9207535333262055e-06,2.910655499945278e-06,9.983688913453103e-08,2.6806839999335354e-06,3.1386829999974e-06,45626.5,45024.5,1700.8907149308375,44734,51592,23.0,23.0,0.0,23,23,271606.0,271606.0,0.0,271606,271606,181083.0,181083.0,0.0,181083,181083,81083.0,81083.0,0.0,81083,81083,0.552232953949294,0.552232953949294,0.0,0.552232953949294,0.552232953949294,17063051.733333334,17068624.0,15948.282724402263,17008736,17076896,1114818.0,1114818.0,0.0,1114818,1114818,11.14818,11.14818,0.0,11.14818,11.14818
100000,1.5,0.9,random,0.21658825666478754,0.21038669999688858,0.01955928355126222,0.187051299988525,0.2645085999974981,2.1658825666478755e-06,2.1038669999688864e-06,1.9559283551262212e-07,1.87051299988525e-06,2.645085999974981e-06,52224.833333333336,51493.0,1982.2996064886502,51145,58957,22.0,22.0,0.0,22,22,217274.0,217274.0,0.0,217274,217274,120722.0,120722.0,0.0,120722,120722,20722.0,20722.0,0.0,20722,20722,0.828349430923941,0.828349430923941,0.0,0.828349430923941,0.828349430923941,12786250.133333333,12786632.0,4892.583407097216,12767784,12793192,951822.0,951822.0,0.0,951822,951822,9.518220000000001,9.51822,0.0,9.51822,9.51822
100000,2.0,0.5,random,0.2263435000010455,0.2285416500017163,0.009781417105446971,0.1864696999982698,0.2374042000010376,2.2634350000104555e-06,2.2854165000171637e-06,9.781417105446983e-08,1.864696999982698e-06,2.374042000010377e-06,29064.066666666666,28421.5,2249.165806024204,28119,39779,14.0,14.0,0.0,14,14,131078.0,131078.0,0.0,131078,131078,262144.0,262144.0,0.0,262144,262144,162144.0,162144.0,0.0,162144,162144,0.3814697265625,0.3814697265625,0.0,0.3814697265625,0.3814697265625,22470842.133333333,22503512.0,112814.76972384265,21910424,22509432,693234.0,693234.0,0.0,693234,693234,6.93234,6.93234,0.0,6.93234,6.93234
100000,2.0,0.75,random,0.25602248999978955,0.25662079999892734,0.011561016034515238,0.2125047000008635,0.2780726000055438,2.560224899997896e-06,2.5662079999892743e-06,1.1561016034515243e-07,2.1250470000086357e-06,2.780726000055438e-06,41880.63333333333,41560.5,1081.3353329558997,41287,46049,14.0,14.0,0.0,14,14,196610.0,196610.0,0.0,196610,196610,262144.0,262144.0,0.0,262144,262144,162144.0,162144.0,0.0,162144,162144,0.3814697265625,0.3814697265625,0.0,0.3814697265625,0.3814697265625,22470842.133333333,22503512.0,112814.76972384265,21910424,22509432,889830.0,889830.0,0.0,889830,889830,8.8983,8.8983,0.0,8.8983,8.8983
100000,2.0,0.9,random,0.14679562666812365,0.14639280000119465,0.009695935954972331,0.1142647999949986,0.1687155999970855,1.4679562666812368e-06,1.463928000011947e-06,9.695935954972356e-08,1.142647999949986e-06,1.6871559999708553e-06,46675.166666666664,46404.0,904.0484074365181,46167,50409,13.0,13.0,0.0,13,13,117957.0,117957.0,0.0,117957,117957,131072.0,131072.0,0.0,131072,131072,31072.0,31072.0,0.0,31072,31072,0.762939453125,0.762939453125,0.0,0.762939453125,0.762939453125,13543584.533333333,13556360.0,44463.742944912745,13368376,13566744,653871.0,653871.0,0.0,653871,653871,6.53871,6.53871,0.0,6.53871,6.53871
100000,3.0,0.5,random,0.18932016666706958,0.19600755000283238,0.02100200632690525,0.1517247000010684,0.2393608999991556,1.8932016666706962e-06,1.9600755000283245e-06,2.100200632690526e-07,1.517247000010684e-06,2.3936089999915566e-06,23632.6,23426.0,912.6040649210065,23089,28225,9.0,9.0,0.0,9,9,78737.0,78737.0,0.0,78737,78737,314928.0,314928.0,0.0,314928,314928,214928.0,214928.0,0.0,214928,214928,0.3175328964080678,0.3175328964080678,0.0,0.3175328964080678,0.3175328964080678,25820640.533333335,25832744.0,42401.76750685871,25605656,25844760,536211.0,536211.0,0.0,536211,536211,5.36211,5.36211,0.0,5.36211,5.36211
100000,3.0,0.75,random,0.20899222999869377,0.21653334999427895,0.018688412424984525,0.1694371000048704,0.2362262999959057,2.089922299986938e-06,2.16533349994279e-06,1.8688412424984525e-07,1.6943710000487045e-06,2.362262999959057e-06,34682.066666666666,34568.5,473.08896395508145,34170,36990,9.0,9.0,0.0,9,9,118101.0,118101.0,0.0,118101,118101,314928.0,314928.0,0.0,314928,314928,214928.0,214928.0,0.0,214928,214928,0.3175328964080678,0.3175328964080678,0.0,0.3175328964080678,0.3175328964080678,25820640.533333335,25832744.0,42401.76750685871,25605656,25844760,654303.0,654303.0,0.0,654303,654303,6.54303,6.54303,0.0,6.54303,6.54303
100000,3.0,0.9,random,0.2233154033339815,0.22936889999982663,0.01719397436137912,0.1843251999962376,0.2493399999948451,2.2331540333398157e-06,2.2936889999982666e-06,1.7193974361379119e-07,1.8432519999623764e-06,2.4933999999484514e-06,42444.8,42431.0,179.97153031559574,42040,43088,9.0,9.0,0.0,9,9,141715.0,141715.0,0.0,141715,141715,314928.0,314928.0,0.0,314928,314928,214928.0,214928.0,0.0,214928,214928,0.3175328964080678,0.3175328964080678,0.0,0.3175328964080678,0.3175328964080678,25820640.533333335,25832744.0,42401.76750685871,25605656,25844760,725145.0,725145.0,0.0,725145,725145,7.25145,7.25145,0.0,7.25145,7.25145
