n,repetition,gamma,tau,probe_collisions,total_probes,resize_count,moved_entries,final_capacity,elapsed_ns
1000,1,1.5,0.5,826,1826,13,2863,2927,1733500
1000,1,1.5,0.75,3130,4130,12,2837,1949,1701500
1000,1,1.5,0.9,8012,9012,11,2246,1289,1899900
1000,1,2.0,0.5,619,1619,8,1579,3203,1056200
1000,1,2.0,0.75,2020,3020,7,1173,1597,988100
1000,1,2.0,0.9,4716,5716,7,1409,1597,1363400
1000,1,3.0,0.5,785,1785,5,776,3163,921400
1000,1,3.0,0.75,2009,3009,5,1165,3163,1207800
1000,1,3.0,0.9,5447,6447,5,1399,3163,1342800
1000,2,1.5,0.5,1442,2442,13,2863,2927,1723800
1000,2,1.5,0.75,4530,5530,12,2837,1949,2110200
1000,2,1.5,0.9,8073,9073,11,2246,1289,2077400
1000,2,2.0,0.5,684,1684,8,1579,3203,1105200
1000,2,2.0,0.75,1981,2981,7,1173,1597,1052000
1000,2,2.0,0.9,4858,5858,7,1409,1597,1350600
1000,2,3.0,0.5,516,1516,5,776,3163,788900
1000,2,3.0,0.75,1653,2653,5,1165,3163,1026300
1000,2,3.0,0.9,5122,6122,5,1399,3163,1349800
1000,3,1.5,0.5,1008,2008,13,2863,2927,1719600
1000,3,1.5,0.75,2966,3966,12,2837,1949,1832100
1000,3,1.5,0.9,8014,9014,11,2246,1289,1826900
1000,3,2.0,0.5,604,1604,8,1579,3203,1023400
1000,3,2.0,0.75,1716,2716,7,1173,1597,964700
1000,3,2.0,0.9,4592,5592,7,1409,1597,1268000
1000,3,3.0,0.5,507,1507,5,776,3163,733400
1000,3,3.0,0.75,1517,2517,5,1165,3163,942700
1000,3,3.0,0.9,5060,6060,5,1399,3163,1298100
1000,4,1.5,0.5,942,1942,13,2863,2927,1600800
1000,4,1.5,0.75,3644,4644,12,2837,1949,1811700
1000,4,1.5,0.9,10185,11185,11,2246,1289,2845000
1000,4,2.0,0.5,593,1593,8,1579,3203,1313900
1000,4,2.0,0.75,1816,2816,7,1173,1597,1041600
1000,4,2.0,0.9,4154,5154,7,1409,1597,1207900
1000,4,3.0,0.5,512,1512,5,776,3163,731700
1000,4,3.0,0.75,1646,2646,5,1165,3163,950400
1000,4,3.0,0.9,4617,5617,5,1399,3163,1211900
1000,5,1.5,0.5,942,1942,13,2863,2927,1564900
1000,5,1.5,0.75,3123,4123,12,2837,1949,1755100
1000,5,1.5,0.9,6894,7894,11,2246,1289,1823500
1000,5,2.0,0.5,609,1609,8,1579,3203,1061100
1000,5,2.0,0.75,2110,3110,7,1173,1597,1193800
1000,5,2.0,0.9,5709,6709,7,1409,1597,1904500
1000,5,3.0,0.5,503,1503,5,776,3163,765200
1000,5,3.0,0.75,1573,2573,5,1165,3163,946200
1000,5,3.0,0.9,5654,6654,5,1399,3163,1337200
1000,6,1.5,0.5,966,1966,13,2863,2927,1655000
1000,6,1.5,0.75,4424,5424,12,2837,1949,1892100
1000,6,1.5,0.9,8666,9666,11,2246,1289,1982200
1000,6,2.0,0.5,668,1668,8,1579,3203,1064200
1000,6,2.0,0.75,1794,2794,7,1173,1597,994700
1000,6,2.0,0.9,4012,5012,7,1409,1597,1237800
1000,6,3.0,0.5,545,1545,5,776,3163,745900
1000,6,3.0,0.75,1601,2601,5,1165,3163,1010500
1000,6,3.0,0.9,4378,5378,5,1399,3163,2222100
1000,7,1.5,0.5,932,1932,13,2863,2927,1687500
1000,7,1.5,0.75,2923,3923,12,2837,1949,1992500
1000,7,1.5,0.9,6415,7415,11,2246,1289,1963100
1000,7,2.0,0.5,740,1740,8,1579,3203,1083400
1000,7,2.0,0.75,1904,2904,7,1173,1597,988500
1000,7,2.0,0.9,4729,5729,7,1409,1597,1293400
1000,7,3.0,0.5,390,1390,5,776,3163,726600
1000,7,3.0,0.75,1384,2384,5,1165,3163,938300
1000,7,3.0,0.9,4407,5407,5,1399,3163,1245600
1000,8,1.5,0.5,830,1830,13,2863,2927,1609900
1000,8,1.5,0.75,2932,3932,12,2837,1949,2676100
1000,8,1.5,0.9,7387,8387,11,2246,1289,2008600
1000,8,2.0,0.5,844,1844,8,1579,3203,1024400
1000,8,2.0,0.75,2355,3355,7,1173,1597,985700
1000,8,2.0,0.9,5641,6641,7,1409,1597,1415700
1000,8,3.0,0.5,504,1504,5,776,3163,720100
1000,8,3.0,0.75,1637,2637,5,1165,3163,935000
1000,8,3.0,0.9,5729,6729,5,1399,3163,1425100
1000,9,1.5,0.5,853,1853,13,2863,2927,1509900
1000,9,1.5,0.75,3463,4463,12,2837,1949,1670500
1000,9,1.5,0.9,7980,8980,11,2246,1289,2126600
1000,9,2.0,0.5,684,1684,8,1579,3203,1353300
1000,9,2.0,0.75,1857,2857,7,1173,1597,1385000
1000,9,2.0,0.9,5258,6258,7,1409,1597,2045100
1000,9,3.0,0.5,444,1444,5,776,3163,1094200
1000,9,3.0,0.75,1565,2565,5,1165,3163,936800
1000,9,3.0,0.9,4612,5612,5,1399,3163,1271700
1000,10,1.5,0.5,912,1912,13,2863,2927,1632000
1000,10,1.5,0.75,3031,4031,12,2837,1949,1848900
1000,10,1.5,0.9,7398,8398,11,2246,1289,1969900
1000,10,2.0,0.5,629,1629,8,1579,3203,1110200
1000,10,2.0,0.75,2129,3129,7,1173,1597,1084800
1000,10,2.0,0.9,4387,5387,7,1409,1597,1603600
1000,10,3.0,0.5,480,1480,5,776,3163,1019700
1000,10,3.0,0.75,1432,2432,5,1165,3163,1179400
1000,10,3.0,0.9,4081,5081,5,1399,3163,1372600
1000,11,1.5,0.5,844,1844,13,2863,2927,1642600
1000,11,1.5,0.75,2917,3917,12,2837,1949,1952700
1000,11,1.5,0.9,8409,9409,11,2246,1289,2142200
1000,11,2.0,0.5,638,1638,8,1579,3203,1125000
1000,11,2.0,0.75,2133,3133,7,1173,1597,1094500
1000,11,2.0,0.9,5353,6353,7,1409,1597,1423100
1000,11,3.0,0.5,556,1556,5,776,3163,815500
1000,11,3.0,0.75,1765,2765,5,1165,3163,1277400
1000,11,3.0,0.9,7919,8919,5,1399,3163,1734100
1000,12,1.5,0.5,849,1849,13,2863,2927,1623200
1000,12,1.5,0.75,2843,3843,12,2837,1949,1809600
1000,12,1.5,0.9,7028,8028,11,2246,1289,1998400
1000,12,2.0,0.5,697,1697,8,1579,3203,1164700
1000,12,2.0,0.75,2080,3080,7,1173,1597,1164100
1000,12,2.0,0.9,6375,7375,7,1409,1597,1569600
1000,12,3.0,0.5,466,1466,5,776,3163,809300
1000,12,3.0,0.75,1686,2686,5,1165,3163,1046900
1000,12,3.0,0.9,4690,5690,5,1399,3163,1388500
1000,13,1.5,0.5,1068,2068,13,2863,2927,2735000
1000,13,1.5,0.75,3300,4300,12,2837,1949,2160300
1000,13,1.5,0.9,9922,10922,11,2246,1289,1985200
1000,13,2.0,0.5,707,1707,8,1579,3203,1047600
1000,13,2.0,0.75,2098,3098,7,1173,1597,1006100
1000,13,2.0,0.9,4353,5353,7,1409,1597,1265600
1000,13,3.0,0.5,462,1462,5,776,3163,746300
1000,13,3.0,0.75,1459,2459,5,1165,3163,948400
1000,13,3.0,0.9,4255,5255,5,1399,3163,1302700
1000,14,1.5,0.5,1029,2029,13,2863,2927,1668600
1000,14,1.5,0.75,3687,4687,12,2837,1949,2130400
1000,14,1.5,0.9,8865,9865,11,2246,1289,2091400
1000,14,2.0,0.5,807,1807,8,1579,3203,1168300
1000,14,2.0,0.75,2057,3057,7,1173,1597,1103900
1000,14,2.0,0.9,5380,6380,7,1409,1597,1512600
1000,14,3.0,0.5,476,1476,5,776,3163,829400
1000,14,3.0,0.75,1890,2890,5,1165,3163,1072200
1000,14,3.0,0.9,5469,6469,5,1399,3163,1455900
1000,15,1.5,0.5,933,1933,13,2863,2927,1777000
1000,15,1.5,0.75,2859,3859,12,2837,1949,1913700
1000,15,1.5,0.9,7919,8919,11,2246,1289,2252200
1000,15,2.0,0.5,598,1598,8,1579,3203,1626100
1000,15,2.0,0.75,1663,2663,7,1173,1597,1377600
1000,15,2.0,0.9,4910,5910,7,1409,1597,1272500
1000,15,3.0,0.5,475,1475,5,776,3163,751800
1000,15,3.0,0.75,1517,2517,5,1165,3163,982700
1000,15,3.0,0.9,4970,5970,5,1399,3163,1376000
1000,16,1.5,0.5,916,1916,13,2863,2927,1748200
1000,16,1.5,0.75,3602,4602,12,2837,1949,2000500
1000,16,1.5,0.9,13262,14262,11,2246,1289,2469000
1000,16,2.0,0.5,678,1678,8,1579,3203,1127200
1000,16,2.0,0.75,1936,2936,7,1173,1597,1065300
1000,16,2.0,0.9,5557,6557,7,1409,1597,2339100
1000,16,3.0,0.5,453,1453,5,776,3163,752200
1000,16,3.0,0.75,1667,2667,5,1165,3163,1024000
1000,16,3.0,0.9,4545,5545,5,1399,3163,1202900
1000,17,1.5,0.5,889,1889,13,2863,2927,1537100
1000,17,1.5,0.75,3159,4159,12,2837,1949,1712700
1000,17,1.5,0.9,6889,7889,11,2246,1289,1761100
1000,17,2.0,0.5,675,1675,8,1579,3203,1064400
1000,17,2.0,0.75,1978,2978,7,1173,1597,992300
1000,17,2.0,0.9,4534,5534,7,1409,1597,1273900
1000,17,3.0,0.5,531,1531,5,776,3163,740300
1000,17,3.0,0.75,1808,2808,5,1165,3163,969600
1000,17,3.0,0.9,6691,7691,5,1399,3163,1746100
1000,18,1.5,0.5,922,1922,13,2863,2927,1586500
1000,18,1.5,0.75,3024,4024,12,2837,1949,1783400
1000,18,1.5,0.9,8236,9236,11,2246,1289,2516100
1000,18,2.0,0.5,900,1900,8,1579,3203,1218800
1000,18,2.0,0.75,2469,3469,7,1173,1597,1019900
1000,18,2.0,0.9,6156,7156,7,1409,1597,1419300
1000,18,3.0,0.5,482,1482,5,776,3163,762800
1000,18,3.0,0.75,1502,2502,5,1165,3163,1008000
1000,18,3.0,0.9,4734,5734,5,1399,3163,1347500
1000,19,1.5,0.5,870,1870,13,2863,2927,1709300
1000,19,1.5,0.75,3057,4057,12,2837,1949,2326400
1000,19,1.5,0.9,7484,8484,11,2246,1289,2080600
1000,19,2.0,0.5,735,1735,8,1579,3203,1109200
1000,19,2.0,0.75,1958,2958,7,1173,1597,1070300
1000,19,2.0,0.9,5277,6277,7,1409,1597,1460900
1000,19,3.0,0.5,736,1736,5,776,3163,832600
1000,19,3.0,0.75,2344,3344,5,1165,3163,1103400
1000,19,3.0,0.9,8710,9710,5,1399,3163,1695700
1000,20,1.5,0.5,823,1823,13,2863,2927,1741000
1000,20,1.5,0.75,3161,4161,12,2837,1949,2124500
1000,20,1.5,0.9,6794,7794,11,2246,1289,2720500
1000,20,2.0,0.5,620,1620,8,1579,3203,1102900
1000,20,2.0,0.75,1793,2793,7,1173,1597,1099500
1000,20,2.0,0.9,5017,6017,7,1409,1597,1463900
1000,20,3.0,0.5,405,1405,5,776,3163,965700
1000,20,3.0,0.75,1661,2661,5,1165,3163,934700
1000,20,3.0,0.9,5340,6340,5,1399,3163,1271000
1000,21,1.5,0.5,938,1938,13,2863,2927,1498700
1000,21,1.5,0.75,3110,4110,12,2837,1949,1672500
1000,21,1.5,0.9,7509,8509,11,2246,1289,1824100
1000,21,2.0,0.5,652,1652,8,1579,3203,1049700
1000,21,2.0,0.75,1979,2979,7,1173,1597,1026400
1000,21,2.0,0.9,5191,6191,7,1409,1597,2227700
1000,21,3.0,0.5,514,1514,5,776,3163,787000
1000,21,3.0,0.75,1658,2658,5,1165,3163,937300
1000,21,3.0,0.9,5954,6954,5,1399,3163,1357400
1000,22,1.5,0.5,861,1861,13,2863,2927,1583200
1000,22,1.5,0.75,2773,3773,12,2837,1949,1829900
1000,22,1.5,0.9,7805,8805,11,2246,1289,1964600
1000,22,2.0,0.5,696,1696,8,1579,3203,1128900
1000,22,2.0,0.75,2357,3357,7,1173,1597,1085200
1000,22,2.0,0.9,6268,7268,7,1409,1597,1500100
1000,22,3.0,0.5,499,1499,5,776,3163,787100
1000,22,3.0,0.75,1828,2828,5,1165,3163,1031600
1000,22,3.0,0.9,4746,5746,5,1399,3163,1800100
1000,23,1.5,0.5,942,1942,13,2863,2927,2314200
1000,23,1.5,0.75,2997,3997,12,2837,1949,1799000
1000,23,1.5,0.9,7405,8405,11,2246,1289,2016400
1000,23,2.0,0.5,628,1628,8,1579,3203,1163900
1000,23,2.0,0.75,1831,2831,7,1173,1597,1101300
1000,23,2.0,0.9,4447,5447,7,1409,1597,1393200
1000,23,3.0,0.5,506,1506,5,776,3163,805900
1000,23,3.0,0.75,1589,2589,5,1165,3163,1019600
1000,23,3.0,0.9,4718,5718,5,1399,3163,1385100
1000,24,1.5,0.5,844,1844,13,2863,2927,1751200
1000,24,1.5,0.75,2989,3989,12,2837,1949,2346900
1000,24,1.5,0.9,7320,8320,11,2246,1289,2043900
1000,24,2.0,0.5,789,1789,8,1579,3203,1017900
1000,24,2.0,0.75,2388,3388,7,1173,1597,1002000
1000,24,2.0,0.9,5952,6952,7,1409,1597,1352100
1000,24,3.0,0.5,514,1514,5,776,3163,736000
1000,24,3.0,0.75,1671,2671,5,1165,3163,949100
1000,24,3.0,0.9,4823,5823,5,1399,3163,1283200
1000,25,1.5,0.5,789,1789,13,2863,2927,1659900
1000,25,1.5,0.75,3333,4333,12,2837,1949,1763500
1000,25,1.5,0.9,8331,9331,11,2246,1289,2218300
1000,25,2.0,0.5,721,1721,8,1579,3203,1151700
1000,25,2.0,0.75,2055,3055,7,1173,1597,955000
1000,25,2.0,0.9,8305,9305,7,1409,1597,1493800
1000,25,3.0,0.5,484,1484,5,776,3163,720000
1000,25,3.0,0.75,1698,2698,5,1165,3163,941500
1000,25,3.0,0.9,4871,5871,5,1399,3163,1282300
1000,26,1.5,0.5,1082,2082,13,2863,2927,1838300
1000,26,1.5,0.75,3014,4014,12,2837,1949,1857200
1000,26,1.5,0.9,8401,9401,11,2246,1289,2025100
1000,26,2.0,0.5,734,1734,8,1579,3203,1141300
1000,26,2.0,0.75,1982,2982,7,1173,1597,1089300
1000,26,2.0,0.9,5025,6025,7,1409,1597,1744600
1000,26,3.0,0.5,500,1500,5,776,3163,761500
1000,26,3.0,0.75,1906,2906,5,1165,3163,938400
1000,26,3.0,0.9,7071,8071,5,1399,3163,1365900
1000,27,1.5,0.5,937,1937,13,2863,2927,1565000
1000,27,1.5,0.75,3295,4295,12,2837,1949,1746600
1000,27,1.5,0.9,9542,10542,11,2246,1289,2098300
1000,27,2.0,0.5,754,1754,8,1579,3203,1061300
1000,27,2.0,0.75,2384,3384,7,1173,1597,1031300
1000,27,2.0,0.9,5430,6430,7,1409,1597,1334800
1000,27,3.0,0.5,504,1504,5,776,3163,749900
1000,27,3.0,0.75,1475,2475,5,1165,3163,954700
1000,27,3.0,0.9,3944,4944,5,1399,3163,1241500
1000,28,1.5,0.5,1025,2025,13,2863,2927,2309000
1000,28,1.5,0.75,3513,4513,12,2837,1949,1745600
1000,28,1.5,0.9,9803,10803,11,2246,1289,2305100
1000,28,2.0,0.5,641,1641,8,1579,3203,1147100
1000,28,2.0,0.75,2089,3089,7,1173,1597,1207000
1000,28,2.0,0.9,4266,5266,7,1409,1597,1220500
1000,28,3.0,0.5,441,1441,5,776,3163,738800
1000,28,3.0,0.75,1517,2517,5,1165,3163,958400
1000,28,3.0,0.9,6315,7315,5,1399,3163,1446400
1000,29,1.5,0.5,823,1823,13,2863,2927,1742100
1000,29,1.5,0.75,2943,3943,12,2837,1949,2471500
1000,29,1.5,0.9,7499,8499,11,2246,1289,1931900
1000,29,2.0,0.5,929,1929,8,1579,3203,1198800
1000,29,2.0,0.75,2501,3501,7,1173,1597,1018700
1000,29,2.0,0.9,5203,6203,7,1409,1597,1392800
1000,29,3.0,0.5,464,1464,5,776,3163,724800
1000,29,3.0,0.75,1946,2946,5,1165,3163,974600
1000,29,3.0,0.9,5547,6547,5,1399,3163,1316100
1000,30,1.5,0.5,942,1942,13,2863,2927,1662600
1000,30,1.5,0.75,3115,4115,12,2837,1949,1781400
1000,30,1.5,0.9,8182,9182,11,2246,1289,1931100
1000,30,2.0,0.5,740,1740,8,1579,3203,1256000
1000,30,2.0,0.75,1932,2932,7,1173,1597,1064200
1000,30,2.0,0.9,4552,5552,7,1409,1597,1638000
1000,30,3.0,0.5,557,1557,5,776,3163,754100
1000,30,3.0,0.75,1587,2587,5,1165,3163,963800
1000,30,3.0,0.9,5994,6994,5,1399,3163,1523000
10000,1,1.5,0.5,8889,18889,18,22203,22303,14987200
10000,1,1.5,0.75,31240,41240,17,22160,14867,16279000
10000,1,1.5,0.9,104959,114959,17,26594,14867,23644600
10000,1,2.0,0.5,7464,17464,11,12816,25717,11482500
10000,1,2.0,0.75,26235,36235,11,19226,25717,14136400
10000,1,2.0,0.9,72304,82304,10,11506,12853,14811800
10000,1,3.0,0.5,5186,15186,7,7102,28477,7254400
10000,1,3.0,0.75,15851,25851,7,10655,28477,11207500
10000,1,3.0,0.9,61647,71647,7,12786,28477,15251800
10000,2,1.5,0.5,9967,19967,18,22203,22303,15445600
10000,2,1.5,0.75,30322,40322,17,22160,14867,20200800
10000,2,1.5,0.9,92304,102304,17,26594,14867,24117700
10000,2,2.0,0.5,7120,17120,11,12816,25717,9798300
10000,2,2.0,0.75,23820,33820,11,19226,25717,13893300
10000,2,2.0,0.9,59094,69094,10,11506,12853,16738100
10000,2,3.0,0.5,5224,15224,7,7102,28477,8244700
10000,2,3.0,0.75,16667,26667,7,10655,28477,10628500
10000,2,3.0,0.9,52277,62277,7,12786,28477,13934600
10000,3,1.5,0.5,10429,20429,18,22203,22303,14512100
10000,3,1.5,0.75,30706,40706,17,22160,14867,16356600
10000,3,1.5,0.9,97123,107123,17,26594,14867,25409000
10000,3,2.0,0.5,9493,19493,11,12816,25717,9758200
10000,3,2.0,0.75,30055,40055,11,19226,25717,15997600
10000,3,2.0,0.9,65606,75606,10,11506,12853,15534900
10000,3,3.0,0.5,5217,15217,7,7102,28477,8381400
10000,3,3.0,0.75,16680,26680,7,10655,28477,9523900
10000,3,3.0,0.9,56364,66364,7,12786,28477,14105300
10000,4,1.5,0.5,8976,18976,18,22203,22303,14840900
10000,4,1.5,0.75,31212,41212,17,22160,14867,18181400
10000,4,1.5,0.9,113573,123573,17,26594,14867,24892900
10000,4,2.0,0.5,7135,17135,11,12816,25717,10231600
10000,4,2.0,0.75,24000,34000,11,19226,25717,14535000
10000,4,2.0,0.9,57655,67655,10,11506,12853,13628900
10000,4,3.0,0.5,5112,15112,7,7102,28477,8823500
10000,4,3.0,0.75,16057,26057,7,10655,28477,10086700
10000,4,3.0,0.9,49530,59530,7,12786,28477,13624300
10000,5,1.5,0.5,10394,20394,18,22203,22303,15572200
10000,5,1.5,0.75,31293,41293,17,22160,14867,19200100
10000,5,1.5,0.9,100778,110778,17,26594,14867,27450600
10000,5,2.0,0.5,7085,17085,11,12816,25717,11380700
10000,5,2.0,0.75,25259,35259,11,19226,25717,14574600
10000,5,2.0,0.9,62580,72580,10,11506,12853,15722500
10000,5,3.0,0.5,5128,15128,7,7102,28477,8177000
10000,5,3.0,0.75,15845,25845,7,10655,28477,11543900
10000,5,3.0,0.9,59390,69390,7,12786,28477,16242200
10000,6,1.5,0.5,9180,19180,18,22203,22303,17077000
10000,6,1.5,0.75,32112,42112,17,22160,14867,18599700
10000,6,1.5,0.9,96311,106311,17,26594,14867,28237500
10000,6,2.0,0.5,7329,17329,11,12816,25717,14902900
10000,6,2.0,0.75,24911,34911,11,19226,25717,18248400
10000,6,2.0,0.9,56774,66774,10,11506,12853,19325300
10000,6,3.0,0.5,5380,15380,7,7102,28477,9838800
10000,6,3.0,0.75,15188,25188,7,10655,28477,9190100
10000,6,3.0,0.9,46421,56421,7,12786,28477,14188900
10000,7,1.5,0.5,8966,18966,18,22203,22303,14298700
10000,7,1.5,0.75,29889,39889,17,22160,14867,16290400
10000,7,1.5,0.9,97798,107798,17,26594,14867,25768400
10000,7,2.0,0.5,7727,17727,11,12816,25717,10121600
10000,7,2.0,0.75,25860,35860,11,19226,25717,15766900
10000,7,2.0,0.9,68526,78526,10,11506,12853,15297800
10000,7,3.0,0.5,4913,14913,7,7102,28477,8438600
10000,7,3.0,0.75,15767,25767,7,10655,28477,10074100
10000,7,3.0,0.9,54531,64531,7,12786,28477,14075800
10000,8,1.5,0.5,8851,18851,18,22203,22303,13546600
10000,8,1.5,0.75,30255,40255,17,22160,14867,16765300
10000,8,1.5,0.9,92419,102419,17,26594,14867,25437300
10000,8,2.0,0.5,6930,16930,11,12816,25717,10814500
10000,8,2.0,0.75,25011,35011,11,19226,25717,13712600
10000,8,2.0,0.9,60237,70237,10,11506,12853,14825100
10000,8,3.0,0.5,5323,15323,7,7102,28477,8652700
10000,8,3.0,0.75,15949,25949,7,10655,28477,9995500
10000,8,3.0,0.9,53831,63831,7,12786,28477,13177900
10000,9,1.5,0.5,8592,18592,18,22203,22303,17083100
10000,9,1.5,0.75,29356,39356,17,22160,14867,16689700
10000,9,1.5,0.9,95724,105724,17,26594,14867,24163100
10000,9,2.0,0.5,7297,17297,11,12816,25717,10597300
10000,9,2.0,0.75,25075,35075,11,19226,25717,16636900
10000,9,2.0,0.9,55965,65965,10,11506,12853,16173400
10000,9,3.0,0.5,4839,14839,7,7102,28477,7752400
10000,9,3.0,0.75,15292,25292,7,10655,28477,11178300
10000,9,3.0,0.9,61891,71891,7,12786,28477,15810300
10000,10,1.5,0.5,9373,19373,18,22203,22303,14603600
10000,10,1.5,0.75,31117,41117,17,22160,14867,15998400
10000,10,1.5,0.9,111172,121172,17,26594,14867,25264500
10000,10,2.0,0.5,7164,17164,11,12816,25717,11734300
10000,10,2.0,0.75,25415,35415,11,19226,25717,16417000
10000,10,2.0,0.9,61465,71465,10,11506,12853,14906600
10000,10,3.0,0.5,5142,15142,7,7102,28477,7803800
10000,10,3.0,0.75,16199,26199,7,10655,28477,9363000
10000,10,3.0,0.9,55022,65022,7,12786,28477,13691000
10000,11,1.5,0.5,9210,19210,18,22203,22303,14485300
10000,11,1.5,0.75,32222,42222,17,22160,14867,17178600
10000,11,1.5,0.9,98828,108828,17,26594,14867,24598400
10000,11,2.0,0.5,6473,16473,11,12816,25717,10489700
10000,11,2.0,0.75,23908,33908,11,19226,25717,14428400
10000,11,2.0,0.9,59025,69025,10,11506,12853,14602600
10000,11,3.0,0.5,5152,15152,7,7102,28477,7800200
10000,11,3.0,0.75,16946,26946,7,10655,28477,10914100
10000,11,3.0,0.9,65589,75589,7,12786,28477,15917700
10000,12,1.5,0.5,9027,19027,18,22203,22303,15240300
10000,12,1.5,0.75,31692,41692,17,22160,14867,16494600
10000,12,1.5,0.9,111752,121752,17,26594,14867,26369700
10000,12,2.0,0.5,7211,17211,11,12816,25717,9562500
10000,12,2.0,0.75,25012,35012,11,19226,25717,15478900
10000,12,2.0,0.9,61105,71105,10,11506,12853,14484700
10000,12,3.0,0.5,5218,15218,7,7102,28477,8598200
10000,12,3.0,0.75,15112,25112,7,10655,28477,9627200
10000,12,3.0,0.9,46708,56708,7,12786,28477,13969600
10000,13,1.5,0.5,9444,19444,18,22203,22303,15515400
10000,13,1.5,0.75,33284,43284,17,22160,14867,17340200
10000,13,1.5,0.9,108809,118809,17,26594,14867,29373700
10000,13,2.0,0.5,6914,16914,11,12816,25717,10826000
10000,13,2.0,0.75,25596,35596,11,19226,25717,15707600
10000,13,2.0,0.9,64459,74459,10,11506,12853,14080000
10000,13,3.0,0.5,5125,15125,7,7102,28477,7736400
10000,13,3.0,0.75,16193,26193,7,10655,28477,11040000
10000,13,3.0,0.9,49060,59060,7,12786,28477,13658500
10000,14,1.5,0.5,8873,18873,18,22203,22303,14174400
10000,14,1.5,0.75,33262,43262,17,22160,14867,16488100
10000,14,1.5,0.9,100702,110702,17,26594,14867,24148600
10000,14,2.0,0.5,7074,17074,11,12816,25717,10588700
10000,14,2.0,0.75,26150,36150,11,19226,25717,14653100
10000,14,2.0,0.9,67387,77387,10,11506,12853,14152900
10000,14,3.0,0.5,5106,15106,7,7102,28477,8063900
10000,14,3.0,0.75,15644,25644,7,10655,28477,9777400
10000,14,3.0,0.9,50733,60733,7,12786,28477,12709400
10000,15,1.5,0.5,9517,19517,18,22203,22303,14194400
10000,15,1.5,0.75,29897,39897,17,22160,14867,18168900
10000,15,1.5,0.9,109430,119430,17,26594,14867,26154300
10000,15,2.0,0.5,7165,17165,11,12816,25717,11758000
10000,15,2.0,0.75,25533,35533,11,19226,25717,15422300
10000,15,2.0,0.9,68210,78210,10,11506,12853,15799900
10000,15,3.0,0.5,5064,15064,7,7102,28477,7072600
10000,15,3.0,0.75,15937,25937,7,10655,28477,9941300
10000,15,3.0,0.9,54217,64217,7,12786,28477,15000600
10000,16,1.5,0.5,9552,19552,18,22203,22303,14989600
10000,16,1.5,0.75,32190,42190,17,22160,14867,16005500
10000,16,1.5,0.9,107164,117164,17,26594,14867,24331800
10000,16,2.0,0.5,6653,16653,11,12816,25717,10330200
10000,16,2.0,0.75,23422,33422,11,19226,25717,15404400
10000,16,2.0,0.9,54979,64979,10,11506,12853,14539000
10000,16,3.0,0.5,5055,15055,7,7102,28477,8435600
10000,16,3.0,0.75,15317,25317,7,10655,28477,10665200
10000,16,3.0,0.9,47136,57136,7,12786,28477,13319800
10000,17,1.5,0.5,9178,19178,18,22203,22303,16064000
10000,17,1.5,0.75,29748,39748,17,22160,14867,17876200
10000,17,1.5,0.9,100761,110761,17,26594,14867,24560800
10000,17,2.0,0.5,10671,20671,11,12816,25717,10652300
10000,17,2.0,0.75,25079,35079,11,19226,25717,14581500
10000,17,2.0,0.9,50786,60786,10,11506,12853,14738300
10000,17,3.0,0.5,5497,15497,7,7102,28477,7490500
10000,17,3.0,0.75,16498,26498,7,10655,28477,10465000
10000,17,3.0,0.9,55618,65618,7,12786,28477,14425900
10000,18,1.5,0.5,9344,19344,18,22203,22303,14138700
10000,18,1.5,0.75,29514,39514,17,22160,14867,16877700
10000,18,1.5,0.9,93222,103222,17,26594,14867,22874300
10000,18,2.0,0.5,7106,17106,11,12816,25717,9934800
10000,18,2.0,0.75,25037,35037,11,19226,25717,16529200
10000,18,2.0,0.9,54728,64728,10,11506,12853,13955500
10000,18,3.0,0.5,5535,15535,7,7102,28477,7107900
10000,18,3.0,0.75,16643,26643,7,10655,28477,10818200
10000,18,3.0,0.9,54079,64079,7,12786,28477,14055500
10000,19,1.5,0.5,10327,20327,18,22203,22303,15448300
10000,19,1.5,0.75,34049,44049,17,22160,14867,16717000
10000,19,1.5,0.9,111174,121174,17,26594,14867,24439400
10000,19,2.0,0.5,13464,23464,11,12816,25717,12113300
10000,19,2.0,0.75,38712,48712,11,19226,25717,16417000
10000,19,2.0,0.9,73126,83126,10,11506,12853,16700200
10000,19,3.0,0.5,5246,15246,7,7102,28477,7873400
10000,19,3.0,0.75,15957,25957,7,10655,28477,10846600
10000,19,3.0,0.9,48337,58337,7,12786,28477,14635700
10000,20,1.5,0.5,10043,20043,18,22203,22303,14736800
10000,20,1.5,0.75,31542,41542,17,22160,14867,16030800
10000,20,1.5,0.9,105266,115266,17,26594,14867,25962100
10000,20,2.0,0.5,6851,16851,11,12816,25717,9347800
10000,20,2.0,0.75,24967,34967,11,19226,25717,13790800
10000,20,2.0,0.9,57845,67845,10,11506,12853,14311400
10000,20,3.0,0.5,5094,15094,7,7102,28477,7646500
10000,20,3.0,0.75,15215,25215,7,10655,28477,10164600
10000,20,3.0,0.9,49692,59692,7,12786,28477,13610700
10000,21,1.5,0.5,9250,19250,18,22203,22303,15043900
10000,21,1.5,0.75,30293,40293,17,22160,14867,15791500
10000,21,1.5,0.9,107307,117307,17,26594,14867,24910200
10000,21,2.0,0.5,6979,16979,11,12816,25717,10262500
10000,21,2.0,0.75,25262,35262,11,19226,25717,15029500
10000,21,2.0,0.9,62882,72882,10,11506,12853,15345700
10000,21,3.0,0.5,5359,15359,7,7102,28477,7732400
10000,21,3.0,0.75,16124,26124,7,10655,28477,11064200
10000,21,3.0,0.9,57847,67847,7,12786,28477,16689100
10000,22,1.5,0.5,8982,18982,18,22203,22303,14550300
10000,22,1.5,0.75,31110,41110,17,22160,14867,15942900
10000,22,1.5,0.9,101138,111138,17,26594,14867,24896900
10000,22,2.0,0.5,7177,17177,11,12816,25717,10042300
10000,22,2.0,0.75,24501,34501,11,19226,25717,14992400
10000,22,2.0,0.9,57109,67109,10,11506,12853,13762100
10000,22,3.0,0.5,5351,15351,7,7102,28477,8248800
10000,22,3.0,0.75,15113,25113,7,10655,28477,9944800
10000,22,3.0,0.9,53932,63932,7,12786,28477,15351300
10000,23,1.5,0.5,9179,19179,18,22203,22303,15790600
10000,23,1.5,0.75,31572,41572,17,22160,14867,17921800
10000,23,1.5,0.9,102913,112913,17,26594,14867,29502600
10000,23,2.0,0.5,7193,17193,11,12816,25717,12161900
10000,23,2.0,0.75,24671,34671,11,19226,25717,15841000
10000,23,2.0,0.9,60463,70463,10,11506,12853,14841700
10000,23,3.0,0.5,5132,15132,7,7102,28477,7657100
10000,23,3.0,0.75,17757,27757,7,10655,28477,11637400
10000,23,3.0,0.9,57968,67968,7,12786,28477,16337000
10000,24,1.5,0.5,9443,19443,18,22203,22303,17433100
10000,24,1.5,0.75,33024,43024,17,22160,14867,18490900
10000,24,1.5,0.9,114336,124336,17,26594,14867,34041500
10000,24,2.0,0.5,6656,16656,11,12816,25717,20785800
10000,24,2.0,0.75,24217,34217,11,19226,25717,19376800
10000,24,2.0,0.9,59054,69054,10,11506,12853,13694700
10000,24,3.0,0.5,5226,15226,7,7102,28477,7191500
10000,24,3.0,0.75,16472,26472,7,10655,28477,9687700
10000,24,3.0,0.9,52739,62739,7,12786,28477,13421700
10000,25,1.5,0.5,9152,19152,18,22203,22303,14093200
10000,25,1.5,0.75,29856,39856,17,22160,14867,15297000
10000,25,1.5,0.9,101423,111423,17,26594,14867,24660600
10000,25,2.0,0.5,6966,16966,11,12816,25717,10690100
10000,25,2.0,0.75,24621,34621,11,19226,25717,14795700
10000,25,2.0,0.9,59971,69971,10,11506,12853,13839500
10000,25,3.0,0.5,5213,15213,7,7102,28477,9631700
10000,25,3.0,0.75,15774,25774,7,10655,28477,11523500
10000,25,3.0,0.9,51134,61134,7,12786,28477,13731400
10000,26,1.5,0.5,14866,24866,18,22203,22303,14744600
10000,26,1.5,0.75,46487,56487,17,22160,14867,18869900
10000,26,1.5,0.9,120796,130796,17,26594,14867,25821000
10000,26,2.0,0.5,6635,16635,11,12816,25717,10647300
10000,26,2.0,0.75,24596,34596,11,19226,25717,15053100
10000,26,2.0,0.9,57995,67995,10,11506,12853,16050600
10000,26,3.0,0.5,5396,15396,7,7102,28477,7373200
10000,26,3.0,0.75,15242,25242,7,10655,28477,10006700
10000,26,3.0,0.9,47947,57947,7,12786,28477,13985200
10000,27,1.5,0.5,9128,19128,18,22203,22303,15671600
10000,27,1.5,0.75,30852,40852,17,22160,14867,18022600
10000,27,1.5,0.9,96441,106441,17,26594,14867,26429200
10000,27,2.0,0.5,12842,22842,11,12816,25717,11319500
10000,27,2.0,0.75,38717,48717,11,19226,25717,17230700
10000,27,2.0,0.9,70904,80904,10,11506,12853,17088000
10000,27,3.0,0.5,5092,15092,7,7102,28477,9429700
10000,27,3.0,0.75,15572,25572,7,10655,28477,9163500
10000,27,3.0,0.9,45570,55570,7,12786,28477,13650500
10000,28,1.5,0.5,9702,19702,18,22203,22303,14527600
10000,28,1.5,0.75,30957,40957,17,22160,14867,16122800
10000,28,1.5,0.9,96572,106572,17,26594,14867,24212200
10000,28,2.0,0.5,7177,17177,11,12816,25717,9996300
10000,28,2.0,0.75,25168,35168,11,19226,25717,15966000
10000,28,2.0,0.9,57901,67901,10,11506,12853,14164500
10000,28,3.0,0.5,5317,15317,7,7102,28477,14581300
10000,28,3.0,0.75,16225,26225,7,10655,28477,14001300
10000,28,3.0,0.9,54179,64179,7,12786,28477,14249600
10000,29,1.5,0.5,9459,19459,18,22203,22303,14600800
10000,29,1.5,0.75,32300,42300,17,22160,14867,15739200
10000,29,1.5,0.9,96962,106962,17,26594,14867,24288700
10000,29,2.0,0.5,7321,17321,11,12816,25717,11574400
10000,29,2.0,0.75,25040,35040,11,19226,25717,14968800
10000,29,2.0,0.9,59824,69824,10,11506,12853,13851400
10000,29,3.0,0.5,5043,15043,7,7102,28477,7690100
10000,29,3.0,0.75,15182,25182,7,10655,28477,10019300
10000,29,3.0,0.9,49275,59275,7,12786,28477,13744100
10000,30,1.5,0.5,8908,18908,18,22203,22303,14432000
10000,30,1.5,0.75,30863,40863,17,22160,14867,16623900
10000,30,1.5,0.9,111520,121520,17,26594,14867,26074400
10000,30,2.0,0.5,6955,16955,11,12816,25717,11341700
10000,30,2.0,0.75,24145,34145,11,19226,25717,14080800
10000,30,2.0,0.9,55236,65236,10,11506,12853,14995900
10000,30,3.0,0.5,5296,15296,7,7102,28477,7152100
10000,30,3.0,0.75,16472,26472,7,10655,28477,10021800
10000,30,3.0,0.9,55058,65058,7,12786,28477,15131800
