run_id,git_commit,python_version,platform,cpu,n,gamma_nominal,gamma_effective_mean,tau,m0,final_capacity,final_size,final_load_factor,key_family,key_seed,order_seed,hash_seed,repetition,elapsed_ns,time_per_operation_ns,latency_p50_ns,latency_p95_ns,latency_p99_ns,latency_max_ns,resize_count,moved_entries,migrations_per_insertion,hash_evaluations,key_comparisons,insert_collision_events,pair_collisions,pair_collisions_per_key,universal_pair_bound,bound_ratio,max_chain_length,bucket_assignments,bucket_slots_peak,unused_capacity,structural_bytes_final,bytes_per_element,tracemalloc_peak_bytes,gc_enabled,hash_a,hash_b,hash_prime
n1000-g1.5-t0.8-r1-h31042,2efaf1348f57,3.14.3,Windows-11-10.0.26200-SP0,"Intel64 Family 6 Model 170 Stepping 4, GenuineIntel",1000,1.5,1.543133042590002,0.8,11,1289,1000,0.7757951900698216,random,11042,21042,31042,1,11662800,11662.8,3900.0,5704.999999999995,48446.99999999986,2533600,11,1995,1.995,2995,672,497,374,0.374,387.5096974398759,0.9651371371371371,5,2995,2146,289,133936,133.936,188528,True,530133399472470732,283097919641614406,2305843009213693951
n1000-g1.25-t0.7-r1-h31042,2efaf1348f57,3.14.3,Windows-11-10.0.26200-SP0,"Intel64 Family 6 Model 170 Stepping 4, GenuineIntel",1000,1.25,1.2884399490725909,0.7,11,1709,1000,0.5851375073142189,random,11042,21042,31042,1,19413400,19413.4,3700.0,6104.999999999995,224707.9999999991,3225800,20,4498,4.498,5498,789,476,284,0.284,292.2761849034523,0.9716836836836837,4,5498,3070,709,162288,162.288,271484,True,1281807480313938569,1286278291082997294,2305843009213693951
n1000-g3-t0.5-r1-h31042,2efaf1348f57,3.14.3,Windows-11-10.0.26200-SP0,"Intel64 Family 6 Model 170 Stepping 4, GenuineIntel",1000,3.0,3.105358850890993,0.5,11,3163,1000,0.3161555485298767,random,11042,21042,31042,1,9634900,9634.9,3500.0,6500.0,30531.99999999997,3213200,5,776,0.776,1776,264,232,143,0.143,157.9196964906734,0.9055235235235236,4,1776,4212,2163,259072,259.072,308492,True,1175790274723732104,1110046690991243311,2305843009213693951
n1000-g2-t0.7-r1-h31042,2efaf1348f57,3.14.3,Windows-11-10.0.26200-SP0,"Intel64 Family 6 Model 170 Stepping 4, GenuineIntel",1000,2.0,2.036527741565147,0.7,11,1597,1000,0.6261740763932373,random,11042,21042,31042,1,8803900,8803.9,3800.0,4400.0,8736.999999999967,2307500,7,1093,1.093,2093,487,377,309,0.309,312.77395115842205,0.9879339339339339,5,2093,2394,597,155664,155.664,194932,True,216001057262141823,1258409179699703360,2305843009213693951
n1000-g2-t0.5-r1-h31042,2efaf1348f57,3.14.3,Windows-11-10.0.26200-SP0,"Intel64 Family 6 Model 170 Stepping 4, GenuineIntel",1000,2.0,2.032666219705446,0.5,11,3203,1000,0.3122073056509522,random,11042,21042,31042,1,11595700,11595.7,3600.0,4000.0,23752.99999999995,3713000,8,1579,1.579,2579,343,287,145,0.145,155.94754917265064,0.9297997997997998,3,2579,4800,2203,261056,261.056,368548,True,1818499928968777257,1871060345558551550,2305843009213693951
n1000-g4-t0.9-r1-h31042,2efaf1348f57,3.14.3,Windows-11-10.0.26200-SP0,"Intel64 Family 6 Model 170 Stepping 4, GenuineIntel",1000,4.0,4.091659060195906,0.9,11,3079,1000,0.3247807729782397,random,11042,21042,31042,1,9068400,9068.4,3800.0,4204.999999999995,5000.0,3614800,4,914,0.914,1914,456,356,147,0.147,162.22799610263073,0.9061321321321322,4,1914,3848,2079,254144,254.144,293048,True,289208513342756656,1737239256259392775,2305843009213693951
n1000-g4-t0.5-r1-h31042,2efaf1348f57,3.14.3,Windows-11-10.0.26200-SP0,"Intel64 Family 6 Model 170 Stepping 4, GenuineIntel",1000,4.0,4.091659060195906,0.5,11,3079,1000,0.3247807729782397,random,11042,21042,31042,1,7855000,7855.0,3900.0,4200.0,5100.0,2575300,4,507,0.507,1507,246,219,147,0.147,162.22799610263073,0.9061321321321322,4,1507,3848,2079,254144,254.144,272288,True,289208513342756656,1737239256259392775,2305843009213693951
n1000-g3-t0.7-r1-h31042,2efaf1348f57,3.14.3,Windows-11-10.0.26200-SP0,"Intel64 Family 6 Model 170 Stepping 4, GenuineIntel",1000,3.0,3.105358850890993,0.7,11,3163,1000,0.3161555485298767,random,11042,21042,31042,1,9374100,9374.1,3600.0,4100.0,5911.999999999989,3557400,5,1087,1.087,2087,387,316,143,0.143,157.9196964906734,0.9055235235235236,4,2087,4212,2163,259072,259.072,321972,True,1175790274723732104,1110046690991243311,2305843009213693951
n1000-g1.25-t0.8-r1-h31042,2efaf1348f57,3.14.3,Windows-11-10.0.26200-SP0,"Intel64 Family 6 Model 170 Stepping 4, GenuineIntel",1000,1.25,1.2901634020556063,0.8,11,1361,1000,0.7347538574577517,random,11042,21042,31042,1,19068500,19068.5,3800.0,7600.0,280249.9999999999,3418400,19,4055,4.055,5055,937,532,330,0.33,367.00955180014694,0.8991591591591592,5,5055,2430,361,139184,139.184,221204,True,335617465972059138,581327705028044665,2305843009213693951
n1000-g1.5-t0.5-r1-h31042,2efaf1348f57,3.14.3,Windows-11-10.0.26200-SP0,"Intel64 Family 6 Model 170 Stepping 4, GenuineIntel",1000,1.5,1.5375603143577163,0.5,11,2927,1000,0.341646737273659,random,11042,21042,31042,1,15853800,15853.8,3500.0,4200.0,71878.99999999984,3943700,13,2863,2.863,3863,408,345,649,0.649,170.65254526819268,3.8030490490490494,6,3863,4876,1927,236352,236.352,391100,True,475811965840538922,361802660261835333,2305843009213693951
n1000-g3-t0.8-r1-h31042,2efaf1348f57,3.14.3,Windows-11-10.0.26200-SP0,"Intel64 Family 6 Model 170 Stepping 4, GenuineIntel",1000,3.0,3.105358850890993,0.8,11,3163,1000,0.3161555485298767,random,11042,21042,31042,1,17346700,17346.7,3800.0,5300.0,7002.999999999997,11157900,5,1243,1.243,2243,453,361,143,0.143,157.9196964906734,0.9055235235235236,4,2243,4212,2163,259072,259.072,324244,True,1175790274723732104,1110046690991243311,2305843009213693951
n1000-g1.5-t0.7-r1-h31042,2efaf1348f57,3.14.3,Windows-11-10.0.26200-SP0,"Intel64 Family 6 Model 170 Stepping 4, GenuineIntel",1000,1.5,1.5405406911613417,0.7,11,1949,1000,0.513083632632119,random,11042,21042,31042,1,14381400,14381.4,3700.0,4500.0,56328.99999999988,3339700,12,2646,2.646,3646,573,443,223,0.223,256.2852744997435,0.8701241241241241,3,3646,3238,949,178768,178.768,275936,True,1055129681217370319,1286563909733345339,2305843009213693951
n1000-g1.25-t0.5-r1-h31042,2efaf1348f57,3.14.3,Windows-11-10.0.26200-SP0,"Intel64 Family 6 Model 170 Stepping 4, GenuineIntel",1000,1.25,1.2866303730753477,0.5,11,2137,1000,0.4679457182966776,random,11042,21042,31042,1,20818000,20818.0,3900.0,4800.0,238611.9999999989,3456100,21,4065,4.065,5065,508,364,204,0.204,233.73888628919045,0.8727687687687687,4,5065,3846,1137,192112,192.112,315916,True,1878934463301839021,453752749110972768,2305843009213693951
n1000-g1.25-t0.9-r1-h31042,2efaf1348f57,3.14.3,Windows-11-10.0.26200-SP0,"Intel64 Family 6 Model 170 Stepping 4, GenuineIntel",1000,1.25,1.2901634020556063,0.9,11,1361,1000,0.7347538574577517,random,11042,21042,31042,1,18880900,18880.9,3700.0,5000.0,222070.999999999,3058700,19,4564,4.564,5564,1146,604,330,0.33,367.00955180014694,0.8991591591591592,5,5564,2430,361,139184,139.184,227764,True,335617465972059138,581327705028044665,2305843009213693951
n1000-g4-t0.7-r1-h31042,2efaf1348f57,3.14.3,Windows-11-10.0.26200-SP0,"Intel64 Family 6 Model 170 Stepping 4, GenuineIntel",1000,4.0,4.091659060195906,0.7,11,3079,1000,0.3247807729782397,random,11042,21042,31042,1,7833800,7833.8,3600.0,3900.0,4701.999999999998,2847600,4,710,0.71,1710,339,288,147,0.147,162.22799610263073,0.9061321321321322,4,1710,3848,2079,254144,254.144,283056,True,289208513342756656,1737239256259392775,2305843009213693951
n1000-g1.5-t0.9-r1-h31042,2efaf1348f57,3.14.3,Windows-11-10.0.26200-SP0,"Intel64 Family 6 Model 170 Stepping 4, GenuineIntel",1000,1.5,1.543133042590002,0.9,11,1289,1000,0.7757951900698216,random,11042,21042,31042,1,11765200,11765.2,3700.0,4400.0,44416.99999999989,2703800,11,2246,2.246,3246,742,521,374,0.374,387.5096974398759,0.9651371371371371,5,3246,2146,289,133936,133.936,194808,True,530133399472470732,283097919641614406,2305843009213693951
n1000-g3-t0.9-r1-h31042,2efaf1348f57,3.14.3,Windows-11-10.0.26200-SP0,"Intel64 Family 6 Model 170 Stepping 4, GenuineIntel",1000,3.0,3.105358850890993,0.9,11,3163,1000,0.3161555485298767,random,11042,21042,31042,1,10612100,10612.1,3800.0,4600.0,9201.0,4186900,5,1399,1.399,2399,551,425,143,0.143,157.9196964906734,0.9055235235235236,4,2399,4212,2163,259072,259.072,335332,True,1175790274723732104,1110046690991243311,2305843009213693951
n1000-g2-t0.8-r1-h31042,2efaf1348f57,3.14.3,Windows-11-10.0.26200-SP0,"Intel64 Family 6 Model 170 Stepping 4, GenuineIntel",1000,2.0,2.036527741565147,0.8,11,1597,1000,0.6261740763932373,random,11042,21042,31042,1,9061100,9061.1,3500.0,4200.0,30513.999999999985,2305700,7,1251,1.251,2251,552,420,309,0.309,312.77395115842205,0.9879339339339339,5,2251,2394,597,155664,155.664,200156,True,216001057262141823,1258409179699703360,2305843009213693951
n1000-g2-t0.9-r1-h31042,2efaf1348f57,3.14.3,Windows-11-10.0.26200-SP0,"Intel64 Family 6 Model 170 Stepping 4, GenuineIntel",1000,2.0,2.036527741565147,0.9,11,1597,1000,0.6261740763932373,random,11042,21042,31042,1,9622400,9622.4,3900.0,4500.0,8934.999999999967,2684700,7,1409,1.409,2409,608,448,309,0.309,312.77395115842205,0.9879339339339339,5,2409,2394,597,155664,155.664,205600,True,216001057262141823,1258409179699703360,2305843009213693951
n1000-g4-t0.8-r1-h31042,2efaf1348f57,3.14.3,Windows-11-10.0.26200-SP0,"Intel64 Family 6 Model 170 Stepping 4, GenuineIntel",1000,4.0,4.091659060195906,0.8,11,3079,1000,0.3247807729782397,random,11042,21042,31042,1,8961200,8961.2,3900.0,4300.0,5300.999999999999,3460200,4,812,0.812,1812,389,313,147,0.147,162.22799610263073,0.9061321321321322,4,1812,3848,2079,254144,254.144,288132,True,289208513342756656,1737239256259392775,2305843009213693951
n1000-g3-t0.9-r2-h61042,2efaf1348f57,3.14.3,Windows-11-10.0.26200-SP0,"Intel64 Family 6 Model 170 Stepping 4, GenuineIntel",1000,3.0,3.105358850890993,0.9,11,3163,1000,0.3161555485298767,random,21042,41042,61042,2,10343400,10343.4,3600.0,4300.0,7203.999999999996,4275900,5,1399,1.399,2399,585,442,133,0.133,157.9196964906734,0.8422002002002003,3,2399,4212,2163,259200,259.2,334972,True,1188444190361409708,1222792329126878359,2305843009213693951
n1000-g2-t0.7-r2-h61042,2efaf1348f57,3.14.3,Windows-11-10.0.26200-SP0,"Intel64 Family 6 Model 170 Stepping 4, GenuineIntel",1000,2.0,2.036527741565147,0.7,11,1597,1000,0.6261740763932373,random,21042,41042,61042,2,9644600,9644.6,3700.0,4300.0,11144.999999999869,2666700,7,1093,1.093,2093,522,408,322,0.322,312.77395115842205,1.0294974974974975,5,2093,2394,597,155472,155.472,194872,True,1852154909246091954,673350768184342330,2305843009213693951
n1000-g1.5-t0.8-r2-h61042,2efaf1348f57,3.14.3,Windows-11-10.0.26200-SP0,"Intel64 Family 6 Model 170 Stepping 4, GenuineIntel",1000,1.5,1.543133042590002,0.8,11,1289,1000,0.7757951900698216,random,21042,41042,61042,2,11836400,11836.4,3900.0,4500.0,43620.99999999988,2909600,11,1995,1.995,2995,633,454,408,0.408,387.5096974398759,1.0528768768768768,5,2995,2146,289,133712,133.712,189368,True,679054236071952800,436588455935247705,2305843009213693951
n1000-g2-t0.8-r2-h61042,2efaf1348f57,3.14.3,Windows-11-10.0.26200-SP0,"Intel64 Family 6 Model 170 Stepping 4, GenuineIntel",1000,2.0,2.036527741565147,0.8,11,1597,1000,0.6261740763932373,random,21042,41042,61042,2,9571100,9571.1,4000.0,4500.0,7100.999999999999,2723300,7,1251,1.251,2251,591,452,322,0.322,312.77395115842205,1.0294974974974975,5,2251,2394,597,155472,155.472,199936,True,1852154909246091954,673350768184342330,2305843009213693951
n1000-g1.5-t0.7-r2-h61042,2efaf1348f57,3.14.3,Windows-11-10.0.26200-SP0,"Intel64 Family 6 Model 170 Stepping 4, GenuineIntel",1000,1.5,1.5405406911613417,0.7,11,1949,1000,0.513083632632119,random,21042,41042,61042,2,17394500,17394.5,3900.0,4600.0,41723.999999999796,5338100,12,2646,2.646,3646,573,428,237,0.237,256.2852744997435,0.9247507507507506,4,3646,3238,949,178640,178.64,275616,True,2144814820892340122,1985316371921565939,2305843009213693951
n1000-g1.25-t0.5-r2-h61042,2efaf1348f57,3.14.3,Windows-11-10.0.26200-SP0,"Intel64 Family 6 Model 170 Stepping 4, GenuineIntel",1000,1.25,1.2866303730753477,0.5,11,2137,1000,0.4679457182966776,random,21042,41042,61042,2,31090000,31090.0,4000.0,4500.0,282773.9999999991,13066400,21,4065,4.065,5065,470,388,213,0.213,233.73888628919045,0.9112732732732733,4,5065,3846,1137,191792,191.792,316164,True,759429550513154110,974343402124578587,2305843009213693951
n1000-g1.5-t0.5-r2-h61042,2efaf1348f57,3.14.3,Windows-11-10.0.26200-SP0,"Intel64 Family 6 Model 170 Stepping 4, GenuineIntel",1000,1.5,1.5375603143577163,0.5,11,2927,1000,0.341646737273659,random,21042,41042,61042,2,16585400,16585.4,3700.0,4200.0,82815.99999999972,4375300,13,2863,2.863,3863,424,338,145,0.145,170.65254526819268,0.8496796796796797,4,3863,4876,1927,245792,245.792,391040,True,941783115665961295,246585915096447824,2305843009213693951
n1000-g4-t0.9-r2-h61042,2efaf1348f57,3.14.3,Windows-11-10.0.26200-SP0,"Intel64 Family 6 Model 170 Stepping 4, GenuineIntel",1000,4.0,4.091659060195906,0.9,11,3079,1000,0.3247807729782397,random,21042,41042,61042,2,9374300,9374.3,4000.0,4500.0,6000.999999999999,3663100,4,914,0.914,1914,417,334,130,0.13,162.22799610263073,0.8013413413413414,4,1914,3848,2079,254592,254.592,293304,True,2011184558553096122,19687810642650080,2305843009213693951
n1000-g4-t0.5-r2-h61042,2efaf1348f57,3.14.3,Windows-11-10.0.26200-SP0,"Intel64 Family 6 Model 170 Stepping 4, GenuineIntel",1000,4.0,4.091659060195906,0.5,11,3079,1000,0.3247807729782397,random,21042,41042,61042,2,8359400,8359.4,3600.0,6000.0,10404.999999999996,2917600,4,507,0.507,1507,237,206,130,0.13,162.22799610263073,0.8013413413413414,4,1507,3848,2079,254592,254.592,272416,True,2011184558553096122,19687810642650080,2305843009213693951
n1000-g2-t0.5-r2-h61042,2efaf1348f57,3.14.3,Windows-11-10.0.26200-SP0,"Intel64 Family 6 Model 170 Stepping 4, GenuineIntel",1000,2.0,2.032666219705446,0.5,11,3203,1000,0.3122073056509522,random,21042,41042,61042,2,12341700,12341.7,3700.0,4100.0,5143.99999999996,4519200,8,1579,1.579,2579,351,298,118,0.118,155.94754917265064,0.7566646646646646,3,2579,4800,2203,261760,261.76,368584,True,1847436833828249517,927182782352598258,2305843009213693951
n1000-g3-t0.5-r2-h61042,2efaf1348f57,3.14.3,Windows-11-10.0.26200-SP0,"Intel64 Family 6 Model 170 Stepping 4, GenuineIntel",1000,3.0,3.105358850890993,0.5,11,3163,1000,0.3161555485298767,random,21042,41042,61042,2,9063600,9063.6,3900.0,4200.0,8000.999999999999,3210400,5,776,0.776,1776,249,223,133,0.133,157.9196964906734,0.8422002002002003,3,1776,4212,2163,259200,259.2,308428,True,1188444190361409708,1222792329126878359,2305843009213693951
n1000-g1.25-t0.8-r2-h61042,2efaf1348f57,3.14.3,Windows-11-10.0.26200-SP0,"Intel64 Family 6 Model 170 Stepping 4, GenuineIntel",1000,1.25,1.2901634020556063,0.8,11,1361,1000,0.7347538574577517,random,21042,41042,61042,2,18000500,18000.5,4000.0,4700.0,256496.99999999974,3085300,19,4055,4.055,5055,735,510,357,0.357,367.00955180014694,0.9727267267267268,5,5055,2430,361,138352,138.352,220716,True,1075325229156238333,1144060348074079302,2305843009213693951
n1000-g4-t0.8-r2-h61042,2efaf1348f57,3.14.3,Windows-11-10.0.26200-SP0,"Intel64 Family 6 Model 170 Stepping 4, GenuineIntel",1000,4.0,4.091659060195906,0.8,11,3079,1000,0.3247807729782397,random,21042,41042,61042,2,9338900,9338.9,3800.0,4604.999999999995,9514.999999999987,3372200,4,812,0.812,1812,363,293,130,0.13,162.22799610263073,0.8013413413413414,4,1812,3848,2079,254592,254.592,288420,True,2011184558553096122,19687810642650080,2305843009213693951
n1000-g1.25-t0.9-r2-h61042,2efaf1348f57,3.14.3,Windows-11-10.0.26200-SP0,"Intel64 Family 6 Model 170 Stepping 4, GenuineIntel",1000,1.25,1.2901634020556063,0.9,11,1361,1000,0.7347538574577517,random,21042,41042,61042,2,18880100,18880.1,3800.0,4500.0,229105.99999999907,2961700,19,4564,4.564,5564,799,537,357,0.357,367.00955180014694,0.9727267267267268,5,5564,2430,361,138352,138.352,227692,True,1075325229156238333,1144060348074079302,2305843009213693951
n1000-g3-t0.7-r2-h61042,2efaf1348f57,3.14.3,Windows-11-10.0.26200-SP0,"Intel64 Family 6 Model 170 Stepping 4, GenuineIntel",1000,3.0,3.105358850890993,0.7,11,3163,1000,0.3161555485298767,random,21042,41042,61042,2,9823700,9823.7,3800.0,4300.0,5700.999999999999,3857200,5,1087,1.087,2087,400,324,133,0.133,157.9196964906734,0.8422002002002003,3,2087,4212,2163,259200,259.2,321684,True,1188444190361409708,1222792329126878359,2305843009213693951
n1000-g1.25-t0.7-r2-h61042,2efaf1348f57,3.14.3,Windows-11-10.0.26200-SP0,"Intel64 Family 6 Model 170 Stepping 4, GenuineIntel",1000,1.25,1.2884399490725909,0.7,11,1709,1000,0.5851375073142189,random,21042,41042,61042,2,20849100,20849.1,3900.0,4900.0,228339.99999999886,3916200,20,4498,4.498,5498,629,467,267,0.267,292.2761849034523,0.9135195195195196,4,5498,3070,709,162512,162.512,270676,True,1254001137605848056,1967034465992936071,2305843009213693951
n1000-g4-t0.7-r2-h61042,2efaf1348f57,3.14.3,Windows-11-10.0.26200-SP0,"Intel64 Family 6 Model 170 Stepping 4, GenuineIntel",1000,4.0,4.091659060195906,0.7,11,3079,1000,0.3247807729782397,random,21042,41042,61042,2,9285700,9285.7,3900.0,5800.0,9501.0,3302900,4,710,0.71,1710,310,256,130,0.13,162.22799610263073,0.8013413413413414,4,1710,3848,2079,254592,254.592,283472,True,2011184558553096122,19687810642650080,2305843009213693951
n1000-g3-t0.8-r2-h61042,2efaf1348f57,3.14.3,Windows-11-10.0.26200-SP0,"Intel64 Family 6 Model 170 Stepping 4, GenuineIntel",1000,3.0,3.105358850890993,0.8,11,3163,1000,0.3161555485298767,random,21042,41042,61042,2,10423800,10423.8,3900.0,5300.0,23305.999999999993,4019500,5,1243,1.243,2243,492,382,133,0.133,157.9196964906734,0.8422002002002003,3,2243,4212,2163,259200,259.2,328308,True,1188444190361409708,1222792329126878359,2305843009213693951
n1000-g2-t0.9-r2-h61042,2efaf1348f57,3.14.3,Windows-11-10.0.26200-SP0,"Intel64 Family 6 Model 170 Stepping 4, GenuineIntel",1000,2.0,2.036527741565147,0.9,11,1597,1000,0.6261740763932373,random,21042,41042,61042,2,9517200,9517.2,3600.0,4804.999999999995,21501.0,2732900,7,1409,1.409,2409,644,471,322,0.322,312.77395115842205,1.0294974974974975,5,2409,2394,597,155472,155.472,205316,True,1852154909246091954,673350768184342330,2305843009213693951
n1000-g1.5-t0.9-r2-h61042,2efaf1348f57,3.14.3,Windows-11-10.0.26200-SP0,"Intel64 Family 6 Model 170 Stepping 4, GenuineIntel",1000,1.5,1.543133042590002,0.9,11,1289,1000,0.7757951900698216,random,21042,41042,61042,2,12169200,12169.2,4000.0,5200.0,44401.0,2748000,11,2246,2.246,3246,686,489,408,0.408,387.5096974398759,1.0528768768768768,5,3246,2146,289,133712,133.712,194968,True,679054236071952800,436588455935247705,2305843009213693951
n1000-g4-t0.5-r3-h91042,2efaf1348f57,3.14.3,Windows-11-10.0.26200-SP0,"Intel64 Family 6 Model 170 Stepping 4, GenuineIntel",1000,4.0,4.091659060195906,0.5,11,3079,1000,0.3247807729782397,random,31042,61042,91042,3,8209500,8209.5,3600.0,6700.0,22600.999999999996,2714300,4,507,0.507,1507,232,211,146,0.146,162.22799610263073,0.899967967967968,3,1507,3848,2079,254112,254.112,272472,True,450687491159988125,478393709983906151,2305843009213693951
n1000-g1.5-t0.8-r3-h91042,2efaf1348f57,3.14.3,Windows-11-10.0.26200-SP0,"Intel64 Family 6 Model 170 Stepping 4, GenuineIntel",1000,1.5,1.543133042590002,0.8,11,1289,1000,0.7757951900698216,random,31042,61042,91042,3,11610700,11610.7,4000.0,4700.0,47516.99999999989,2451700,11,1995,1.995,2995,643,466,365,0.365,387.5096974398759,0.9419119119119119,5,2995,2146,289,134320,134.32,189012,True,899562782064138328,574077191073454396,2305843009213693951
n1000-g2-t0.7-r3-h91042,2efaf1348f57,3.14.3,Windows-11-10.0.26200-SP0,"Intel64 Family 6 Model 170 Stepping 4, GenuineIntel",1000,2.0,2.036527741565147,0.7,11,1597,1000,0.6261740763932373,random,31042,61042,91042,3,9601300,9601.3,4100.0,5800.0,8308.999999999993,2399000,7,1093,1.093,2093,495,388,296,0.296,312.77395115842205,0.9463703703703703,4,2093,2394,597,155920,155.92,195088,True,1472131402324698637,1317599128310044882,2305843009213693951
n1000-g3-t0.5-r3-h91042,2efaf1348f57,3.14.3,Windows-11-10.0.26200-SP0,"Intel64 Family 6 Model 170 Stepping 4, GenuineIntel",1000,3.0,3.105358850890993,0.5,11,3163,1000,0.3161555485298767,random,31042,61042,91042,3,9142500,9142.5,3900.0,4300.0,7500.999999999999,3200200,5,776,0.776,1776,284,250,153,0.153,157.9196964906734,0.9688468468468469,3,1776,4212,2163,258592,258.592,308136,True,1185922051791028958,1543093448577332183,2305843009213693951
n1000-g4-t0.9-r3-h91042,2efaf1348f57,3.14.3,Windows-11-10.0.26200-SP0,"Intel64 Family 6 Model 170 Stepping 4, GenuineIntel",1000,4.0,4.091659060195906,0.9,11,3079,1000,0.3247807729782397,random,31042,61042,91042,3,8634600,8634.6,3600.0,4100.0,5000.999999999999,3313900,4,914,0.914,1914,487,378,146,0.146,162.22799610263073,0.899967967967968,3,1914,3848,2079,254112,254.112,292664,True,450687491159988125,478393709983906151,2305843009213693951
n1000-g1.25-t0.5-r3-h91042,2efaf1348f57,3.14.3,Windows-11-10.0.26200-SP0,"Intel64 Family 6 Model 170 Stepping 4, GenuineIntel",1000,1.25,1.2866303730753477,0.5,11,2137,1000,0.4679457182966776,random,31042,61042,91042,3,19849900,19849.9,3500.0,5904.999999999995,256992.99999999892,3289400,21,4065,4.065,5065,401,336,217,0.217,233.73888628919045,0.9283863863863864,3,5065,3846,1137,191792,191.792,316136,True,436248592270819239,114384206460466260,2305843009213693951
n1000-g1.5-t0.5-r3-h91042,2efaf1348f57,3.14.3,Windows-11-10.0.26200-SP0,"Intel64 Family 6 Model 170 Stepping 4, GenuineIntel",1000,1.5,1.5375603143577163,0.5,11,2927,1000,0.341646737273659,random,31042,61042,91042,3,16938400,16938.4,3700.0,8000.0,80576.99999999974,4098600,13,2863,2.863,3863,408,333,163,0.163,170.65254526819268,0.9551571571571572,3,3863,4876,1927,245120,245.12,390968,True,26552125050180453,683421007242339203,2305843009213693951
n1000-g2-t0.5-r3-h91042,2efaf1348f57,3.14.3,Windows-11-10.0.26200-SP0,"Intel64 Family 6 Model 170 Stepping 4, GenuineIntel",1000,2.0,2.032666219705446,0.5,11,3203,1000,0.3122073056509522,random,31042,61042,91042,3,11685700,11685.7,3600.0,4000.0,18961.99999999994,3682000,8,1579,1.579,2579,338,292,136,0.136,155.94754917265064,0.8720880880880881,4,2579,4800,2203,261408,261.408,368836,True,523428011606557431,2036629246836724819,2305843009213693951
n1000-g4-t0.8-r3-h91042,2efaf1348f57,3.14.3,Windows-11-10.0.26200-SP0,"Intel64 Family 6 Model 170 Stepping 4, GenuineIntel",1000,4.0,4.091659060195906,0.8,11,3079,1000,0.3247807729782397,random,31042,61042,91042,3,8810500,8810.5,3600.0,4000.0,6322.999999999979,3445700,4,812,0.812,1812,407,328,146,0.146,162.22799610263073,0.899967967967968,3,1812,3848,2079,254112,254.112,287780,True,450687491159988125,478393709983906151,2305843009213693951
n1000-g2-t0.8-r3-h91042,2efaf1348f57,3.14.3,Windows-11-10.0.26200-SP0,"Intel64 Family 6 Model 170 Stepping 4, GenuineIntel",1000,2.0,2.036527741565147,0.8,11,1597,1000,0.6261740763932373,random,31042,61042,91042,3,9144200,9144.2,3600.0,4200.0,7110.99999999999,2374600,7,1251,1.251,2251,551,419,296,0.296,312.77395115842205,0.9463703703703703,4,2251,2394,597,155920,155.92,200376,True,1472131402324698637,1317599128310044882,2305843009213693951
n1000-g4-t0.7-r3-h91042,2efaf1348f57,3.14.3,Windows-11-10.0.26200-SP0,"Intel64 Family 6 Model 170 Stepping 4, GenuineIntel",1000,4.0,4.091659060195906,0.7,11,3079,1000,0.3247807729782397,random,31042,61042,91042,3,8659900,8659.9,3700.0,6100.0,15100.0,3141200,4,710,0.71,1710,348,293,146,0.146,162.22799610263073,0.899967967967968,3,1710,3848,2079,254112,254.112,282736,True,450687491159988125,478393709983906151,2305843009213693951
n1000-g2-t0.9-r3-h91042,2efaf1348f57,3.14.3,Windows-11-10.0.26200-SP0,"Intel64 Family 6 Model 170 Stepping 4, GenuineIntel",1000,2.0,2.036527741565147,0.9,11,1597,1000,0.6261740763932373,random,31042,61042,91042,3,10144300,10144.3,3700.0,4800.0,24902.999999999996,2711400,7,1409,1.409,2409,612,453,296,0.296,312.77395115842205,0.9463703703703703,4,2409,2394,597,155920,155.92,205596,True,1472131402324698637,1317599128310044882,2305843009213693951
n1000-g1.5-t0.7-r3-h91042,2efaf1348f57,3.14.3,Windows-11-10.0.26200-SP0,"Intel64 Family 6 Model 170 Stepping 4, GenuineIntel",1000,1.5,1.5405406911613417,0.7,11,1949,1000,0.513083632632119,random,31042,61042,91042,3,14530100,14530.1,3900.0,4400.0,42180.99999999983,3550200,12,2646,2.646,3646,565,436,245,0.245,256.2852744997435,0.9559659659659658,4,3646,3238,949,178640,178.64,276220,True,779916671900386506,1595845193837513214,2305843009213693951
n1000-g1.25-t0.8-r3-h91042,2efaf1348f57,3.14.3,Windows-11-10.0.26200-SP0,"Intel64 Family 6 Model 170 Stepping 4, GenuineIntel",1000,1.25,1.2901634020556063,0.8,11,1361,1000,0.7347538574577517,random,31042,61042,91042,3,18519600,18519.6,3800.0,9800.0,213107.99999999916,2799600,19,4055,4.055,5055,701,512,336,0.336,367.00955180014694,0.9155075075075075,6,5055,2430,361,139088,139.088,221196,True,1784500499880210354,481735091600411253,2305843009213693951
n1000-g1.5-t0.9-r3-h91042,2efaf1348f57,3.14.3,Windows-11-10.0.26200-SP0,"Intel64 Family 6 Model 170 Stepping 4, GenuineIntel",1000,1.5,1.543133042590002,0.9,11,1289,1000,0.7757951900698216,random,31042,61042,91042,3,12312500,12312.5,4000.0,4700.0,45622.99999999998,2782100,11,2246,2.246,3246,696,489,365,0.365,387.5096974398759,0.9419119119119119,5,3246,2146,289,134320,134.32,194548,True,899562782064138328,574077191073454396,2305843009213693951
n1000-g1.25-t0.9-r3-h91042,2efaf1348f57,3.14.3,Windows-11-10.0.26200-SP0,"Intel64 Family 6 Model 170 Stepping 4, GenuineIntel",1000,1.25,1.2901634020556063,0.9,11,1361,1000,0.7347538574577517,random,31042,61042,91042,3,19935200,19935.2,3800.0,7100.0,260921.99999999924,4018300,19,4564,4.564,5564,783,567,336,0.336,367.00955180014694,0.9155075075075075,6,5564,2430,361,139088,139.088,228140,True,1784500499880210354,481735091600411253,2305843009213693951
n1000-g3-t0.9-r3-h91042,2efaf1348f57,3.14.3,Windows-11-10.0.26200-SP0,"Intel64 Family 6 Model 170 Stepping 4, GenuineIntel",1000,3.0,3.105358850890993,0.9,11,3163,1000,0.3161555485298767,random,31042,61042,91042,3,10885400,10885.4,4000.0,4700.0,9200.0,4280700,5,1399,1.399,2399,593,438,153,0.153,157.9196964906734,0.9688468468468469,3,2399,4212,2163,258592,258.592,335104,True,1185922051791028958,1543093448577332183,2305843009213693951
n1000-g3-t0.8-r3-h91042,2efaf1348f57,3.14.3,Windows-11-10.0.26200-SP0,"Intel64 Family 6 Model 170 Stepping 4, GenuineIntel",1000,3.0,3.105358850890993,0.8,11,3163,1000,0.3161555485298767,random,31042,61042,91042,3,10817100,10817.1,3800.0,4600.0,8005.9999999999945,4564500,5,1243,1.243,2243,512,390,153,0.153,157.9196964906734,0.9688468468468469,3,2243,4212,2163,258592,258.592,328272,True,1185922051791028958,1543093448577332183,2305843009213693951
n1000-g3-t0.7-r3-h91042,2efaf1348f57,3.14.3,Windows-11-10.0.26200-SP0,"Intel64 Family 6 Model 170 Stepping 4, GenuineIntel",1000,3.0,3.105358850890993,0.7,11,3163,1000,0.3161555485298767,random,31042,61042,91042,3,9744100,9744.1,3900.0,4400.0,6804.999999999995,3708000,5,1087,1.087,2087,444,354,153,0.153,157.9196964906734,0.9688468468468469,3,2087,4212,2163,258592,258.592,321360,True,1185922051791028958,1543093448577332183,2305843009213693951
n1000-g1.25-t0.7-r3-h91042,2efaf1348f57,3.14.3,Windows-11-10.0.26200-SP0,"Intel64 Family 6 Model 170 Stepping 4, GenuineIntel",1000,1.25,1.2884399490725909,0.7,11,1709,1000,0.5851375073142189,random,31042,61042,91042,3,20658800,20658.8,3900.0,5504.999999999995,258861.99999999913,3510500,20,4498,4.498,5498,649,485,270,0.27,292.2761849034523,0.9237837837837838,4,5498,3070,709,162480,162.48,271352,True,2204172323653952932,1462753198738308507,2305843009213693951
n1000-g1.5-t0.7-r4-h121042,2efaf1348f57,3.14.3,Windows-11-10.0.26200-SP0,"Intel64 Family 6 Model 170 Stepping 4, GenuineIntel",1000,1.5,1.5405406911613417,0.7,11,1949,1000,0.513083632632119,random,41042,81042,121042,4,14448100,14448.1,3700.0,4400.0,57002.99999999999,3201700,12,2646,2.646,3646,560,426,231,0.231,256.2852744997435,0.9013393393393393,4,3646,3238,949,178896,178.896,276324,True,2021371262390663885,201597899478943564,2305843009213693951
n1000-g4-t0.8-r4-h121042,2efaf1348f57,3.14.3,Windows-11-10.0.26200-SP0,"Intel64 Family 6 Model 170 Stepping 4, GenuineIntel",1000,4.0,4.091659060195906,0.8,11,3079,1000,0.3247807729782397,random,41042,81042,121042,4,8923000,8923.0,3700.0,5300.0,9120.999999999982,3144500,4,812,0.812,1812,521,408,342,0.342,162.22799610263073,2.108144144144144,5,1812,3848,2079,249632,249.632,287848,True,85951505598602567,843583517749024958,2305843009213693951
n1000-g1.5-t0.9-r4-h121042,2efaf1348f57,3.14.3,Windows-11-10.0.26200-SP0,"Intel64 Family 6 Model 170 Stepping 4, GenuineIntel",1000,1.5,1.543133042590002,0.9,11,1289,1000,0.7757951900698216,random,41042,81042,121042,4,12717400,12717.4,4100.0,4700.0,46697.99999999991,2775800,11,2246,2.246,3246,680,488,348,0.348,387.5096974398759,0.8980420420420421,5,3246,2146,289,134448,134.448,194880,True,1337144844118304097,258353061423726478,2305843009213693951
n1000-g1.5-t0.8-r4-h121042,2efaf1348f57,3.14.3,Windows-11-10.0.26200-SP0,"Intel64 Family 6 Model 170 Stepping 4, GenuineIntel",1000,1.5,1.543133042590002,0.8,11,1289,1000,0.7757951900698216,random,41042,81042,121042,4,11332600,11332.6,3600.0,4300.0,40139.99999999996,2552500,11,1995,1.995,2995,630,465,348,0.348,387.5096974398759,0.8980420420420421,5,2995,2146,289,134448,134.448,189248,True,1337144844118304097,258353061423726478,2305843009213693951
n1000-g4-t0.9-r4-h121042,2efaf1348f57,3.14.3,Windows-11-10.0.26200-SP0,"Intel64 Family 6 Model 170 Stepping 4, GenuineIntel",1000,4.0,4.091659060195906,0.9,11,3079,1000,0.3247807729782397,random,41042,81042,121042,4,9095800,9095.8,3900.0,4500.0,5400.999999999999,3571100,4,914,0.914,1914,559,428,342,0.342,162.22799610263073,2.108144144144144,5,1914,3848,2079,249632,249.632,292796,True,85951505598602567,843583517749024958,2305843009213693951
n1000-g2-t0.5-r4-h121042,2efaf1348f57,3.14.3,Windows-11-10.0.26200-SP0,"Intel64 Family 6 Model 170 Stepping 4, GenuineIntel",1000,2.0,2.032666219705446,0.5,11,3203,1000,0.3122073056509522,random,41042,81042,121042,4,11772000,11772.0,3500.0,4000.0,9712.999999999987,3561200,8,1579,1.579,2579,382,312,181,0.181,155.94754917265064,1.1606466466466467,5,2579,4800,2203,260352,260.352,368620,True,1211990857949861304,73821920195878632,2305843009213693951
n1000-g2-t0.7-r4-h121042,2efaf1348f57,3.14.3,Windows-11-10.0.26200-SP0,"Intel64 Family 6 Model 170 Stepping 4, GenuineIntel",1000,2.0,2.036527741565147,0.7,11,1597,1000,0.6261740763932373,random,41042,81042,121042,4,9460400,9460.4,3900.0,4600.0,26009.9999999999,2380700,7,1093,1.093,2093,487,379,297,0.297,312.77395115842205,0.9495675675675675,4,2093,2394,597,156112,156.112,195004,True,513137521787946597,1987867169544319590,2305843009213693951
n1000-g1.5-t0.5-r4-h121042,2efaf1348f57,3.14.3,Windows-11-10.0.26200-SP0,"Intel64 Family 6 Model 170 Stepping 4, GenuineIntel",1000,1.5,1.5375603143577163,0.5,11,2927,1000,0.341646737273659,random,41042,81042,121042,4,16002300,16002.3,3600.0,4100.0,62524.99999999988,3953400,13,2863,2.863,3863,373,304,123,0.123,170.65254526819268,0.7207627627627627,4,3863,4876,1927,246336,246.336,391368,True,996530739359610883,114239759752112216,2305843009213693951
n1000-g1.25-t0.7-r4-h121042,2efaf1348f57,3.14.3,Windows-11-10.0.26200-SP0,"Intel64 Family 6 Model 170 Stepping 4, GenuineIntel",1000,1.25,1.2884399490725909,0.7,11,1709,1000,0.5851375073142189,random,41042,81042,121042,4,19450800,19450.8,3700.0,4400.0,336836.9999999999,3504200,20,4498,4.498,5498,686,510,254,0.254,292.2761849034523,0.8690410410410411,4,5498,3070,709,163120,163.12,270772,True,1701551454297844566,451357976039205281,2305843009213693951
n1000-g3-t0.5-r4-h121042,2efaf1348f57,3.14.3,Windows-11-10.0.26200-SP0,"Intel64 Family 6 Model 170 Stepping 4, GenuineIntel",1000,3.0,3.105358850890993,0.5,11,3163,1000,0.3161555485298767,random,41042,81042,121042,4,9431500,9431.5,3600.0,5704.999999999995,12731.99999999997,3324100,5,776,0.776,1776,257,231,137,0.137,157.9196964906734,0.8675295295295296,3,1776,4212,2163,259136,259.136,308492,True,1488622475506903256,1353066490927861107,2305843009213693951
n1000-g2-t0.8-r4-h121042,2efaf1348f57,3.14.3,Windows-11-10.0.26200-SP0,"Intel64 Family 6 Model 170 Stepping 4, GenuineIntel",1000,2.0,2.036527741565147,0.8,11,1597,1000,0.6261740763932373,random,41042,81042,121042,4,9410400,9410.4,3700.0,5100.0,20829.999999999884,2362900,7,1251,1.251,2251,541,406,297,0.297,312.77395115842205,0.9495675675675675,4,2251,2394,597,156112,156.112,200388,True,513137521787946597,1987867169544319590,2305843009213693951
n1000-g1.25-t0.5-r4-h121042,2efaf1348f57,3.14.3,Windows-11-10.0.26200-SP0,"Intel64 Family 6 Model 170 Stepping 4, GenuineIntel",1000,1.25,1.2866303730753477,0.5,11,2137,1000,0.4679457182966776,random,41042,81042,121042,4,19832100,19832.1,3700.0,4200.0,245417.99999999898,3236400,21,4065,4.065,5065,456,352,258,0.258,233.73888628919045,1.1037957957957958,4,5065,3846,1137,191184,191.184,316736,True,871273445919610667,402284626175372578,2305843009213693951
n1000-g4-t0.7-r4-h121042,2efaf1348f57,3.14.3,Windows-11-10.0.26200-SP0,"Intel64 Family 6 Model 170 Stepping 4, GenuineIntel",1000,4.0,4.091659060195906,0.7,11,3079,1000,0.3247807729782397,random,41042,81042,121042,4,9645800,9645.8,3800.0,4904.999999999995,6903.999999999996,3989900,4,710,0.71,1710,479,379,342,0.342,162.22799610263073,2.108144144144144,5,1710,3848,2079,249632,249.632,283124,True,85951505598602567,843583517749024958,2305843009213693951
n1000-g1.25-t0.9-r4-h121042,2efaf1348f57,3.14.3,Windows-11-10.0.26200-SP0,"Intel64 Family 6 Model 170 Stepping 4, GenuineIntel",1000,1.25,1.2901634020556063,0.9,11,1361,1000,0.7347538574577517,random,41042,81042,121042,4,18614400,18614.4,3800.0,4800.0,281182.9999999988,2966500,19,4564,4.564,5564,948,587,336,0.336,367.00955180014694,0.9155075075075075,4,5564,2430,361,138384,138.384,227720,True,211294239832301350,1676316468595166039,2305843009213693951
n1000-g3-t0.7-r4-h121042,2efaf1348f57,3.14.3,Windows-11-10.0.26200-SP0,"Intel64 Family 6 Model 170 Stepping 4, GenuineIntel",1000,3.0,3.105358850890993,0.7,11,3163,1000,0.3161555485298767,random,41042,81042,121042,4,9919400,9919.4,3700.0,4200.0,8801.0,3992900,5,1087,1.087,2087,357,302,137,0.137,157.9196964906734,0.8675295295295296,3,2087,4212,2163,259136,259.136,321844,True,1488622475506903256,1353066490927861107,2305843009213693951
n1000-g4-t0.5-r4-h121042,2efaf1348f57,3.14.3,Windows-11-10.0.26200-SP0,"Intel64 Family 6 Model 170 Stepping 4, GenuineIntel",1000,4.0,4.091659060195906,0.5,11,3079,1000,0.3247807729782397,random,41042,81042,121042,4,8362000,8362.0,3500.0,4204.999999999995,10205.999999999995,2968000,4,507,0.507,1507,429,344,342,0.342,162.22799610263073,2.108144144144144,5,1507,3848,2079,249632,249.632,272228,True,85951505598602567,843583517749024958,2305843009213693951
n1000-g2-t0.9-r4-h121042,2efaf1348f57,3.14.3,Windows-11-10.0.26200-SP0,"Intel64 Family 6 Model 170 Stepping 4, GenuineIntel",1000,2.0,2.036527741565147,0.9,11,1597,1000,0.6261740763932373,random,41042,81042,121042,4,10420600,10420.6,3900.0,5309.999999999991,9125.999999999978,3128000,7,1409,1.409,2409,615,440,297,0.297,312.77395115842205,0.9495675675675675,4,2409,2394,597,156112,156.112,205512,True,513137521787946597,1987867169544319590,2305843009213693951
n1000-g1.25-t0.8-r4-h121042,2efaf1348f57,3.14.3,Windows-11-10.0.26200-SP0,"Intel64 Family 6 Model 170 Stepping 4, GenuineIntel",1000,1.25,1.2901634020556063,0.8,11,1361,1000,0.7347538574577517,random,41042,81042,121042,4,18704400,18704.4,3700.0,7900.0,416455.99999999994,3150500,19,4055,4.055,5055,825,555,336,0.336,367.00955180014694,0.9155075075075075,4,5055,2430,361,138384,138.384,221064,True,211294239832301350,1676316468595166039,2305843009213693951
n1000-g3-t0.9-r4-h121042,2efaf1348f57,3.14.3,Windows-11-10.0.26200-SP0,"Intel64 Family 6 Model 170 Stepping 4, GenuineIntel",1000,3.0,3.105358850890993,0.9,11,3163,1000,0.3161555485298767,random,41042,81042,121042,4,11518500,11518.5,3900.0,4700.0,7700.0,5033400,5,1399,1.399,2399,555,424,137,0.137,157.9196964906734,0.8675295295295296,3,2399,4212,2163,259136,259.136,335172,True,1488622475506903256,1353066490927861107,2305843009213693951
n1000-g3-t0.8-r4-h121042,2efaf1348f57,3.14.3,Windows-11-10.0.26200-SP0,"Intel64 Family 6 Model 170 Stepping 4, GenuineIntel",1000,3.0,3.105358850890993,0.8,11,3163,1000,0.3161555485298767,random,41042,81042,121042,4,10786300,10786.3,3600.0,4400.0,17336.999999999964,4433800,5,1243,1.243,2243,437,357,137,0.137,157.9196964906734,0.8675295295295296,3,2243,4212,2163,259136,259.136,328756,True,1488622475506903256,1353066490927861107,2305843009213693951
n1000-g2-t0.7-r5-h151042,2efaf1348f57,3.14.3,Windows-11-10.0.26200-SP0,"Intel64 Family 6 Model 170 Stepping 4, GenuineIntel",1000,2.0,2.036527741565147,0.7,11,1597,1000,0.6261740763932373,random,51042,101042,151042,5,11010800,11010.8,3900.0,4400.0,5001.999999999998,4354400,7,1093,1.093,2093,481,375,274,0.274,312.77395115842205,0.8760320320320321,4,2093,2394,597,156336,156.336,195020,True,1178615065598311799,1010242050449694446,2305843009213693951
n1000-g3-t0.7-r5-h151042,2efaf1348f57,3.14.3,Windows-11-10.0.26200-SP0,"Intel64 Family 6 Model 170 Stepping 4, GenuineIntel",1000,3.0,3.105358850890993,0.7,11,3163,1000,0.3161555485298767,random,51042,101042,151042,5,19219500,19219.5,3900.0,4300.0,7700.999999999999,13076200,5,1087,1.087,2087,392,324,150,0.15,157.9196964906734,0.9498498498498499,4,2087,4212,2163,258848,258.848,321812,True,603629941972558542,1062895242482436160,2305843009213693951
n1000-g2-t0.8-r5-h151042,2efaf1348f57,3.14.3,Windows-11-10.0.26200-SP0,"Intel64 Family 6 Model 170 Stepping 4, GenuineIntel",1000,2.0,2.036527741565147,0.8,11,1597,1000,0.6261740763932373,random,51042,101042,151042,5,9625400,9625.4,3700.0,4400.0,9111.999999999989,2750100,7,1251,1.251,2251,560,415,274,0.274,312.77395115842205,0.8760320320320321,4,2251,2394,597,156336,156.336,200220,True,1178615065598311799,1010242050449694446,2305843009213693951
n1000-g2-t0.9-r5-h151042,2efaf1348f57,3.14.3,Windows-11-10.0.26200-SP0,"Intel64 Family 6 Model 170 Stepping 4, GenuineIntel",1000,2.0,2.036527741565147,0.9,11,1597,1000,0.6261740763932373,random,51042,101042,151042,5,9228800,9228.8,3700.0,4200.0,7118.999999999983,2573900,7,1409,1.409,2409,629,456,274,0.274,312.77395115842205,0.8760320320320321,4,2409,2394,597,156336,156.336,205216,True,1178615065598311799,1010242050449694446,2305843009213693951
n1000-g1.5-t0.5-r5-h151042,2efaf1348f57,3.14.3,Windows-11-10.0.26200-SP0,"Intel64 Family 6 Model 170 Stepping 4, GenuineIntel",1000,1.5,1.5375603143577163,0.5,11,2927,1000,0.341646737273659,random,51042,101042,151042,5,16274300,16274.3,3600.0,4100.0,62710.99999999981,3990800,13,2863,2.863,3863,409,341,146,0.146,170.65254526819268,0.8555395395395395,4,3863,4876,1927,245600,245.6,391012,True,364913120938090682,957046219749195322,2305843009213693951
n1000-g3-t0.9-r5-h151042,2efaf1348f57,3.14.3,Windows-11-10.0.26200-SP0,"Intel64 Family 6 Model 170 Stepping 4, GenuineIntel",1000,3.0,3.105358850890993,0.9,11,3163,1000,0.3161555485298767,random,51042,101042,151042,5,11157600,11157.6,3900.0,5400.0,17407.999999999993,4444200,5,1399,1.399,2399,587,433,150,0.15,157.9196964906734,0.9498498498498499,4,2399,4212,2163,258848,258.848,335076,True,603629941972558542,1062895242482436160,2305843009213693951
n1000-g1.25-t0.5-r5-h151042,2efaf1348f57,3.14.3,Windows-11-10.0.26200-SP0,"Intel64 Family 6 Model 170 Stepping 4, GenuineIntel",1000,1.25,1.2866303730753477,0.5,11,2137,1000,0.4679457182966776,random,51042,101042,151042,5,20861500,20861.5,3900.0,5504.999999999995,269903.9999999989,3397100,21,4065,4.065,5065,414,332,239,0.239,233.73888628919045,1.0225085085085086,4,5065,3846,1137,191248,191.248,316216,True,232991783787746502,1662314588511349046,2305843009213693951
n1000-g1.25-t0.7-r5-h151042,2efaf1348f57,3.14.3,Windows-11-10.0.26200-SP0,"Intel64 Family 6 Model 170 Stepping 4, GenuineIntel",1000,1.25,1.2884399490725909,0.7,11,1709,1000,0.5851375073142189,random,51042,101042,151042,5,21609900,21609.9,4000.0,4700.0,253898.99999999773,4282900,20,4498,4.498,5498,571,438,263,0.263,292.2761849034523,0.8998338338338339,4,5498,3070,709,162832,162.832,270920,True,1944728149911895083,1682141416003417012,2305843009213693951
n1000-g4-t0.7-r5-h151042,2efaf1348f57,3.14.3,Windows-11-10.0.26200-SP0,"Intel64 Family 6 Model 170 Stepping 4, GenuineIntel",1000,4.0,4.091659060195906,0.7,11,3079,1000,0.3247807729782397,random,51042,101042,151042,5,8997600,8997.6,4000.0,4400.0,5504.999999999995,3288000,4,710,0.71,1710,321,261,138,0.138,162.22799610263073,0.8506546546546546,3,1710,3848,2079,254368,254.368,283248,True,1923952456219428232,230110045224524940,2305843009213693951
n1000-g1.25-t0.9-r5-h151042,2efaf1348f57,3.14.3,Windows-11-10.0.26200-SP0,"Intel64 Family 6 Model 170 Stepping 4, GenuineIntel",1000,1.25,1.2901634020556063,0.9,11,1361,1000,0.7347538574577517,random,51042,101042,151042,5,19261400,19261.4,3800.0,4600.0,234069.99999999895,3084000,19,4564,4.564,5564,820,560,366,0.366,367.00955180014694,0.9972492492492493,6,5564,2430,361,138512,138.512,227576,True,2010597415435103399,2234674465092269678,2305843009213693951
n1000-g4-t0.5-r5-h151042,2efaf1348f57,3.14.3,Windows-11-10.0.26200-SP0,"Intel64 Family 6 Model 170 Stepping 4, GenuineIntel",1000,4.0,4.091659060195906,0.5,11,3079,1000,0.3247807729782397,random,51042,101042,151042,5,8244800,8244.8,3700.0,5700.0,18302.0,2672800,4,507,0.507,1507,236,208,138,0.138,162.22799610263073,0.8506546546546546,3,1507,3848,2079,254368,254.368,272256,True,1923952456219428232,230110045224524940,2305843009213693951
n1000-g1.5-t0.7-r5-h151042,2efaf1348f57,3.14.3,Windows-11-10.0.26200-SP0,"Intel64 Family 6 Model 170 Stepping 4, GenuineIntel",1000,1.5,1.5405406911613417,0.7,11,1949,1000,0.513083632632119,random,51042,101042,151042,5,14693800,14693.8,3900.0,4500.0,53434.99999999997,3826800,12,2646,2.646,3646,560,417,234,0.234,256.2852744997435,0.913045045045045,4,3646,3238,949,178800,178.8,276036,True,1543242592012573037,1898084234141453789,2305843009213693951
n1000-g4-t0.9-r5-h151042,2efaf1348f57,3.14.3,Windows-11-10.0.26200-SP0,"Intel64 Family 6 Model 170 Stepping 4, GenuineIntel",1000,4.0,4.091659060195906,0.9,11,3079,1000,0.3247807729782397,random,51042,101042,151042,5,9518700,9518.7,4000.0,5300.0,6100.0,3561500,4,914,0.914,1914,433,341,138,0.138,162.22799610263073,0.8506546546546546,3,1914,3848,2079,254368,254.368,293112,True,1923952456219428232,230110045224524940,2305843009213693951
n1000-g1.5-t0.9-r5-h151042,2efaf1348f57,3.14.3,Windows-11-10.0.26200-SP0,"Intel64 Family 6 Model 170 Stepping 4, GenuineIntel",1000,1.5,1.543133042590002,0.9,11,1289,1000,0.7757951900698216,random,51042,101042,151042,5,12623300,12623.3,3800.0,5200.0,45809.999999999985,2371600,11,2246,2.246,3246,701,493,359,0.359,387.5096974398759,0.9264284284284284,4,3246,2146,289,134288,134.288,194488,True,110524606583232433,2046263702161556158,2305843009213693951
n1000-g1.5-t0.8-r5-h151042,2efaf1348f57,3.14.3,Windows-11-10.0.26200-SP0,"Intel64 Family 6 Model 170 Stepping 4, GenuineIntel",1000,1.5,1.543133042590002,0.8,11,1289,1000,0.7757951900698216,random,51042,101042,151042,5,11617500,11617.5,3900.0,4704.999999999995,41223.999999999985,2538800,11,1995,1.995,2995,647,468,359,0.359,387.5096974398759,0.9264284284284284,4,2995,2146,289,134288,134.288,188888,True,110524606583232433,2046263702161556158,2305843009213693951
n1000-g3-t0.8-r5-h151042,2efaf1348f57,3.14.3,Windows-11-10.0.26200-SP0,"Intel64 Family 6 Model 170 Stepping 4, GenuineIntel",1000,3.0,3.105358850890993,0.8,11,3163,1000,0.3161555485298767,random,51042,101042,151042,5,15126700,15126.7,6900.0,11200.0,16614.99999999999,5104100,5,1243,1.243,2243,482,374,150,0.15,157.9196964906734,0.9498498498498499,4,2243,4212,2163,258848,258.848,328468,True,603629941972558542,1062895242482436160,2305843009213693951
n1000-g4-t0.8-r5-h151042,2efaf1348f57,3.14.3,Windows-11-10.0.26200-SP0,"Intel64 Family 6 Model 170 Stepping 4, GenuineIntel",1000,4.0,4.091659060195906,0.8,11,3079,1000,0.3247807729782397,random,51042,101042,151042,5,9229900,9229.9,3800.0,4300.0,5200.999999999999,3695300,4,812,0.812,1812,378,305,138,0.138,162.22799610263073,0.8506546546546546,3,1812,3848,2079,254368,254.368,288132,True,1923952456219428232,230110045224524940,2305843009213693951
n1000-g3-t0.5-r5-h151042,2efaf1348f57,3.14.3,Windows-11-10.0.26200-SP0,"Intel64 Family 6 Model 170 Stepping 4, GenuineIntel",1000,3.0,3.105358850890993,0.5,11,3163,1000,0.3161555485298767,random,51042,101042,151042,5,8452200,8452.2,3600.0,3900.0,5812.999999999988,3038600,5,776,0.776,1776,277,242,150,0.15,157.9196964906734,0.9498498498498499,4,1776,4212,2163,258848,258.848,308780,True,603629941972558542,1062895242482436160,2305843009213693951
n1000-g2-t0.5-r5-h151042,2efaf1348f57,3.14.3,Windows-11-10.0.26200-SP0,"Intel64 Family 6 Model 170 Stepping 4, GenuineIntel",1000,2.0,2.032666219705446,0.5,11,3203,1000,0.3122073056509522,random,51042,101042,151042,5,12326100,12326.1,3900.0,4400.0,8405.999999999995,4046600,8,1579,1.579,2579,344,290,192,0.192,155.94754917265064,1.2311831831831832,4,2579,4800,2203,260064,260.064,368964,True,572201159854970287,1503021899938717997,2305843009213693951
n1000-g1.25-t0.8-r5-h151042,2efaf1348f57,3.14.3,Windows-11-10.0.26200-SP0,"Intel64 Family 6 Model 170 Stepping 4, GenuineIntel",1000,1.25,1.2901634020556063,0.8,11,1361,1000,0.7347538574577517,random,51042,101042,151042,5,18475700,18475.7,3800.0,6100.0,217486.99999999913,2776900,19,4055,4.055,5055,688,499,366,0.366,367.00955180014694,0.9972492492492493,6,5055,2430,361,138512,138.512,221112,True,2010597415435103399,2234674465092269678,2305843009213693951
n10000-g4-t0.5-r1-h40042,2efaf1348f57,3.14.3,Windows-11-10.0.26200-SP0,"Intel64 Family 6 Model 170 Stepping 4, GenuineIntel",10000,4.0,4.061552575258115,0.5,11,49297,10000,0.20285210053350103,random,20042,30042,40042,1,121170700,12117.07,4200.0,5100.0,10600.0,51530200,6,8207,0.8207,18207,2364,2070,816,0.0816,1014.1590766172384,0.804607500750075,4,18207,61620,39297,3730512,373.0512,4412688,True,41357831174653572,611083725876286844,2305843009213693951
n10000-g1.5-t0.7-r1-h40042,2efaf1348f57,3.14.3,Windows-11-10.0.26200-SP0,"Intel64 Family 6 Model 170 Stepping 4, GenuineIntel",10000,1.5,1.5290144697461625,0.7,11,14867,10000,0.6726306585054147,random,20042,30042,40042,1,141430100,14143.01,4200.0,5700.0,8301.000000000022,31958500,17,20680,2.068,30680,6976,4775,3346,0.3346,3362.8169771978205,0.9949991399139915,5,30680,24768,4867,1467392,146.7392,2101284,True,558605632167038481,30480210764277290,2305843009213693951
n10000-g3-t0.8-r1-h40042,2efaf1348f57,3.14.3,Windows-11-10.0.26200-SP0,"Intel64 Family 6 Model 170 Stepping 4, GenuineIntel",10000,3.0,3.075406859636261,0.8,11,28477,10000,0.351160585735857,random,20042,30042,40042,1,125802800,12580.28,4200.0,6100.0,9901.000000000022,41296700,7,11365,1.1365,21365,4567,3604,1568,0.1568,1755.627348386417,0.8931280328032803,5,21365,37968,18477,2395344,239.5344,3003952,True,1156714603238940003,980056401587828401,2305843009213693951
n10000-g4-t0.8-r1-h40042,2efaf1348f57,3.14.3,Windows-11-10.0.26200-SP0,"Intel64 Family 6 Model 170 Stepping 4, GenuineIntel",10000,4.0,4.061552575258115,0.8,11,49297,10000,0.20285210053350103,random,20042,30042,40042,1,137026200,13702.62,4200.0,6600.0,10701.000000000022,59510500,6,13133,1.3133,23133,4813,3732,816,0.0816,1014.1590766172384,0.804607500750075,4,23133,61620,39297,3730512,373.0512,4659228,True,41357831174653572,611083725876286844,2305843009213693951
n10000-g1.25-t0.5-r1-h40042,2efaf1348f57,3.14.3,Windows-11-10.0.26200-SP0,"Intel64 Family 6 Model 170 Stepping 4, GenuineIntel",10000,1.25,1.2753353982930995,0.5,11,20161,10000,0.49600714250285205,random,20042,30042,40042,1,240830000,24083.0,4100.0,4900.0,16101.000000000022,46335700,31,39928,3.9928,49928,4236,3496,2267,0.2267,2479.787708943009,0.9141911591159115,5,49928,36288,10161,1838896,183.8896,2950384,True,2721672115931058,774125376119131057,2305843009213693951
n10000-g4-t0.9-r1-h40042,2efaf1348f57,3.14.3,Windows-11-10.0.26200-SP0,"Intel64 Family 6 Model 170 Stepping 4, GenuineIntel",10000,4.0,4.073781941238894,0.9,11,12323,10000,0.8114907084313885,random,20042,30042,40042,1,73320800,7332.08,4200.0,5100.0,14602.000000000044,13987300,5,3685,0.3685,13685,5132,3922,3874,0.3874,4057.0477968027267,0.9548815281528152,6,13685,15402,2323,1300704,130.0704,1429444,True,1700549996247259158,639579457161945450,2305843009213693951
n10000-g2-t0.9-r1-h40042,2efaf1348f57,3.14.3,Windows-11-10.0.26200-SP0,"Intel64 Family 6 Model 170 Stepping 4, GenuineIntel",10000,2.0,2.026772599602447,0.9,11,12853,10000,0.7780284758422158,random,20042,30042,40042,1,100392900,10039.29,4200.0,5400.0,13900.0,23357600,10,11506,1.1506,21506,6584,4808,4008,0.4008,3889.753364973158,1.030399519951995,7,21506,19274,2853,1328336,132.8336,1642748,True,1892975896214795007,618666313452616974,2305843009213693951
n10000-g3-t0.5-r1-h40042,2efaf1348f57,3.14.3,Windows-11-10.0.26200-SP0,"Intel64 Family 6 Model 170 Stepping 4, GenuineIntel",10000,3.0,3.075406859636261,0.5,11,28477,10000,0.351160585735857,random,20042,30042,40042,1,102004000,10200.4,4100.0,4800.0,7201.000000000022,33380800,7,7102,0.7102,17102,2726,2375,1568,0.1568,1755.627348386417,0.8931280328032803,5,17102,37968,18477,2395344,239.5344,2813192,True,1156714603238940003,980056401587828401,2305843009213693951
n10000-g1.25-t0.7-r1-h40042,2efaf1348f57,3.14.3,Windows-11-10.0.26200-SP0,"Intel64 Family 6 Model 170 Stepping 4, GenuineIntel",10000,1.25,1.2761752609835624,0.7,11,16127,10000,0.6200781298443604,random,20042,30042,40042,1,221817300,22181.73,4200.0,4900.0,9202.000000000044,35334200,30,44614,4.4614,54614,6014,4539,2904,0.2904,3100.0806101568796,0.9367498349834984,6,54614,29016,6127,1562144,156.2144,2530820,True,1126921893122025355,1974639411274068637,2305843009213693951
n10000-g1.25-t0.9-r1-h40042,2efaf1348f57,3.14.3,Windows-11-10.0.26200-SP0,"Intel64 Family 6 Model 170 Stepping 4, GenuineIntel",10000,1.25,1.2770357192166375,0.9,11,12889,10000,0.7758553805570642,random,20042,30042,40042,1,226368800,22636.88,4300.0,5000.0,8701.000000000022,44733900,29,45770,4.577,55770,7798,5410,3594,0.3594,3878.8889750950425,0.9265539753975397,5,55770,23178,2889,1337392,133.7392,2146500,True,2235106282651899697,1999362790972784239,2305843009213693951
n10000-g4-t0.7-r1-h40042,2efaf1348f57,3.14.3,Windows-11-10.0.26200-SP0,"Intel64 Family 6 Model 170 Stepping 4, GenuineIntel",10000,4.0,4.061552575258115,0.7,11,49297,10000,0.20285210053350103,random,20042,30042,40042,1,126866600,12686.66,4200.0,5600.0,17700.0,55949700,6,11491,1.1491,21491,3894,3154,816,0.0816,1014.1590766172384,0.804607500750075,4,21491,61620,39297,3730512,373.0512,4580616,True,41357831174653572,611083725876286844,2305843009213693951
n10000-g1.5-t0.9-r1-h40042,2efaf1348f57,3.14.3,Windows-11-10.0.26200-SP0,"Intel64 Family 6 Model 170 Stepping 4, GenuineIntel",10000,1.5,1.5290144697461625,0.9,11,14867,10000,0.6726306585054147,random,20042,30042,40042,1,151435000,15143.5,4200.0,5200.0,6600.0,34595500,17,26594,2.6594,36594,9537,5765,3346,0.3346,3362.8169771978205,0.9949991399139915,5,36594,24768,4867,1467392,146.7392,2225572,True,558605632167038481,30480210764277290,2305843009213693951
n10000-g3-t0.9-r1-h40042,2efaf1348f57,3.14.3,Windows-11-10.0.26200-SP0,"Intel64 Family 6 Model 170 Stepping 4, GenuineIntel",10000,3.0,3.075406859636261,0.9,11,28477,10000,0.351160585735857,random,20042,30042,40042,1,119419700,11941.97,4300.0,6200.0,11302.000000000044,42523400,7,12786,1.2786,22786,5357,4088,1568,0.1568,1755.627348386417,0.8931280328032803,5,22786,37968,18477,2395344,239.5344,3065440,True,1156714603238940003,980056401587828401,2305843009213693951
n10000-g2-t0.7-r1-h40042,2efaf1348f57,3.14.3,Windows-11-10.0.26200-SP0,"Intel64 Family 6 Model 170 Stepping 4, GenuineIntel",10000,2.0,2.0244165297589,0.7,11,25717,10000,0.3888478438387059,random,20042,30042,40042,1,135316400,13531.64,4200.0,5000.0,7901.000000000022,43239200,11,17943,1.7943,27943,5141,3994,1714,0.1714,1944.0447952716102,0.8816669266926693,4,27943,38570,15717,2209008,220.9008,3132668,True,421485944533384389,770239280012066878,2305843009213693951
n10000-g1.5-t0.5-r1-h40042,2efaf1348f57,3.14.3,Windows-11-10.0.26200-SP0,"Intel64 Family 6 Model 170 Stepping 4, GenuineIntel",10000,1.5,1.5274118968527437,0.5,11,22303,10000,0.44837017441599786,random,20042,30042,40042,1,168300900,16830.09,4100.0,4800.0,7601.000000000022,34387500,18,22203,2.2203,32203,4685,3624,2031,0.2031,2241.6266869927813,0.9060384638463846,5,32203,37170,12303,1985920,198.592,2946620,True,633806681871448463,541620220906949150,2305843009213693951
n10000-g2-t0.5-r1-h40042,2efaf1348f57,3.14.3,Windows-11-10.0.26200-SP0,"Intel64 Family 6 Model 170 Stepping 4, GenuineIntel",10000,2.0,2.0244165297589,0.5,11,25717,10000,0.3888478438387059,random,20042,30042,40042,1,120796800,12079.68,4200.0,4800.0,6101.000000000022,36247200,11,12816,1.2816,22816,3458,2896,1714,0.1714,1944.0447952716102,0.8816669266926693,4,22816,38570,15717,2209008,220.9008,2961008,True,421485944533384389,770239280012066878,2305843009213693951
n10000-g3-t0.7-r1-h40042,2efaf1348f57,3.14.3,Windows-11-10.0.26200-SP0,"Intel64 Family 6 Model 170 Stepping 4, GenuineIntel",10000,3.0,3.075406859636261,0.7,11,28477,10000,0.351160585735857,random,20042,30042,40042,1,122817200,12281.72,4100.0,4700.0,8600.0,52834000,7,9944,0.9944,19944,3830,3142,1568,0.1568,1755.627348386417,0.8931280328032803,5,19944,37968,18477,2395344,239.5344,2944176,True,1156714603238940003,980056401587828401,2305843009213693951
n10000-g1.5-t0.8-r1-h40042,2efaf1348f57,3.14.3,Windows-11-10.0.26200-SP0,"Intel64 Family 6 Model 170 Stepping 4, GenuineIntel",10000,1.5,1.5290144697461625,0.8,11,14867,10000,0.6726306585054147,random,20042,30042,40042,1,152840100,15284.01,4400.0,5700.0,9101.000000000022,35091000,17,23637,2.3637,33637,8198,5249,3346,0.3346,3362.8169771978205,0.9949991399139915,5,33637,24768,4867,1467392,146.7392,2162980,True,558605632167038481,30480210764277290,2305843009213693951
n10000-g2-t0.8-r1-h40042,2efaf1348f57,3.14.3,Windows-11-10.0.26200-SP0,"Intel64 Family 6 Model 170 Stepping 4, GenuineIntel",10000,2.0,2.026772599602447,0.8,11,12853,10000,0.7780284758422158,random,20042,30042,40042,1,106982100,10698.21,4100.0,5100.0,7401.000000000022,32139800,10,10226,1.0226,20226,5985,4482,4008,0.4008,3889.753364973158,1.030399519951995,7,20226,19274,2853,1328336,132.8336,1603416,True,1892975896214795007,618666313452616974,2305843009213693951
n10000-g1.25-t0.8-r1-h40042,2efaf1348f57,3.14.3,Windows-11-10.0.26200-SP0,"Intel64 Family 6 Model 170 Stepping 4, GenuineIntel",10000,1.25,1.2770357192166375,0.8,11,12889,10000,0.7758553805570642,random,20042,30042,40042,1,212916300,21291.63,4200.0,5100.0,12804.000000000087,38777300,29,40681,4.0681,50681,6827,5012,3594,0.3594,3878.8889750950425,0.9265539753975397,5,50681,23178,2889,1337392,133.7392,2081732,True,2235106282651899697,1999362790972784239,2305843009213693951
n10000-g1.25-t0.8-r2-h70042,2efaf1348f57,3.14.3,Windows-11-10.0.26200-SP0,"Intel64 Family 6 Model 170 Stepping 4, GenuineIntel",10000,1.25,1.2770357192166375,0.8,11,12889,10000,0.7758553805570642,random,30042,50042,70042,2,259094900,25909.49,4700.0,8200.0,12403.000000000065,38986700,29,40681,4.0681,50681,10571,5530,3703,0.3703,3878.8889750950425,0.954654805480548,6,50681,23178,2889,1335824,133.5824,2082424,True,481268205608716773,1505421764166638807,2305843009213693951
n10000-g4-t0.8-r2-h70042,2efaf1348f57,3.14.3,Windows-11-10.0.26200-SP0,"Intel64 Family 6 Model 170 Stepping 4, GenuineIntel",10000,4.0,4.061552575258115,0.8,11,49297,10000,0.20285210053350103,random,30042,50042,70042,2,182542600,18254.26,4900.0,8600.0,12500.0,87959900,6,13133,1.3133,23133,4706,3732,748,0.0748,1014.1590766172384,0.7375568756875688,4,23133,61620,39297,3732464,373.2464,4657156,True,1861826843054724044,1907202849567938830,2305843009213693951
n10000-g1.5-t0.5-r2-h70042,2efaf1348f57,3.14.3,Windows-11-10.0.26200-SP0,"Intel64 Family 6 Model 170 Stepping 4, GenuineIntel",10000,1.5,1.5274118968527437,0.5,11,22303,10000,0.44837017441599786,random,30042,50042,70042,2,179807600,17980.76,4500.0,7000.0,9201.000000000022,41996200,18,22203,2.2203,32203,3952,3292,2038,0.2038,2241.6266869927813,0.909161196119612,4,32203,37170,12303,1985856,198.5856,2948240,True,1403193052504627048,1174389762034136819,2305843009213693951
n10000-g1.5-t0.9-r2-h70042,2efaf1348f57,3.14.3,Windows-11-10.0.26200-SP0,"Intel64 Family 6 Model 170 Stepping 4, GenuineIntel",10000,1.5,1.5290144697461625,0.9,11,14867,10000,0.6726306585054147,random,30042,50042,70042,2,176225300,17622.53,4500.0,5900.0,8401.000000000022,39683000,17,26594,2.6594,36594,7090,5099,3161,0.3161,3362.8169771978205,0.9399857385738575,5,36594,24768,4867,1470528,147.0528,2225496,True,616501671019868767,1121510920319737401,2305843009213693951
n10000-g3-t0.5-r2-h70042,2efaf1348f57,3.14.3,Windows-11-10.0.26200-SP0,"Intel64 Family 6 Model 170 Stepping 4, GenuineIntel",10000,3.0,3.075406859636261,0.5,11,28477,10000,0.351160585735857,random,30042,50042,70042,2,163560200,16356.02,7000.0,9000.0,13301.000000000022,51684000,7,7102,0.7102,17102,2681,2357,1535,0.1535,1755.627348386417,0.8743313331333133,5,17102,37968,18477,2396240,239.624,2813400,True,1401967394619155818,2215063800188871697,2305843009213693951
n10000-g4-t0.9-r2-h70042,2efaf1348f57,3.14.3,Windows-11-10.0.26200-SP0,"Intel64 Family 6 Model 170 Stepping 4, GenuineIntel",10000,4.0,4.073781941238894,0.9,11,12323,10000,0.8114907084313885,random,30042,50042,70042,2,102251700,10225.17,4900.0,8800.0,13900.0,23284100,5,3685,0.3685,13685,5092,3968,3877,0.3877,4057.0477968027267,0.9556209820982098,5,13685,15402,2323,1298592,129.8592,1427308,True,327243863416983720,1978440742230471949,2305843009213693951
n10000-g1.25-t0.9-r2-h70042,2efaf1348f57,3.14.3,Windows-11-10.0.26200-SP0,"Intel64 Family 6 Model 170 Stepping 4, GenuineIntel",10000,1.25,1.2770357192166375,0.9,11,12889,10000,0.7758553805570642,random,30042,50042,70042,2,283029200,28302.92,4800.0,8700.0,15404.000000000087,47529100,29,45770,4.577,55770,12367,5997,3703,0.3703,3878.8889750950425,0.954654805480548,6,55770,23178,2889,1335824,133.5824,2146784,True,481268205608716773,1505421764166638807,2305843009213693951
n10000-g4-t0.5-r2-h70042,2efaf1348f57,3.14.3,Windows-11-10.0.26200-SP0,"Intel64 Family 6 Model 170 Stepping 4, GenuineIntel",10000,4.0,4.061552575258115,0.5,11,49297,10000,0.20285210053350103,random,30042,50042,70042,2,165390300,16539.03,4800.0,8000.0,12801.000000000022,79126800,6,8207,0.8207,18207,2274,1993,748,0.0748,1014.1590766172384,0.7375568756875688,4,18207,61620,39297,3732464,373.2464,4412448,True,1861826843054724044,1907202849567938830,2305843009213693951
n10000-g4-t0.7-r2-h70042,2efaf1348f57,3.14.3,Windows-11-10.0.26200-SP0,"Intel64 Family 6 Model 170 Stepping 4, GenuineIntel",10000,4.0,4.061552575258115,0.7,11,49297,10000,0.20285210053350103,random,30042,50042,70042,2,148047500,14804.75,4900.0,6400.0,11601.000000000022,66933000,6,11491,1.1491,21491,3785,3084,748,0.0748,1014.1590766172384,0.7375568756875688,4,21491,61620,39297,3732464,373.2464,4580144,True,1861826843054724044,1907202849567938830,2305843009213693951
n10000-g2-t0.5-r2-h70042,2efaf1348f57,3.14.3,Windows-11-10.0.26200-SP0,"Intel64 Family 6 Model 170 Stepping 4, GenuineIntel",10000,2.0,2.0244165297589,0.5,11,25717,10000,0.3888478438387059,random,30042,50042,70042,2,137920100,13792.01,4600.0,6500.0,10100.0,41142900,11,12816,1.2816,22816,3602,3030,1795,0.1795,1944.0447952716102,0.9233326332633264,5,22816,38570,15717,2207408,220.7408,2959112,True,2091820678927994299,1321807050030662402,2305843009213693951
n10000-g2-t0.7-r2-h70042,2efaf1348f57,3.14.3,Windows-11-10.0.26200-SP0,"Intel64 Family 6 Model 170 Stepping 4, GenuineIntel",10000,2.0,2.0244165297589,0.7,11,25717,10000,0.3888478438387059,random,30042,50042,70042,2,153599000,15359.9,4700.0,6200.0,9500.0,48384300,11,17943,1.7943,27943,5324,4076,1795,0.1795,1944.0447952716102,0.9233326332633264,5,27943,38570,15717,2207408,220.7408,3129300,True,2091820678927994299,1321807050030662402,2305843009213693951
n10000-g3-t0.8-r2-h70042,2efaf1348f57,3.14.3,Windows-11-10.0.26200-SP0,"Intel64 Family 6 Model 170 Stepping 4, GenuineIntel",10000,3.0,3.075406859636261,0.8,11,28477,10000,0.351160585735857,random,30042,50042,70042,2,147285000,14728.5,4800.0,8400.0,12200.0,58627300,7,11365,1.1365,21365,4577,3619,1535,0.1535,1755.627348386417,0.8743313331333133,5,21365,37968,18477,2396240,239.624,3004224,True,1401967394619155818,2215063800188871697,2305843009213693951
n10000-g1.25-t0.5-r2-h70042,2efaf1348f57,3.14.3,Windows-11-10.0.26200-SP0,"Intel64 Family 6 Model 170 Stepping 4, GenuineIntel",10000,1.25,1.2753353982930995,0.5,11,20161,10000,0.49600714250285205,random,30042,50042,70042,2,277004800,27700.48,4800.0,8400.0,10900.0,46689400,31,39928,3.9928,49928,5432,3774,2182,0.2182,2479.787708943009,0.8799140314031403,5,49928,36288,10161,1840144,184.0144,2950188,True,1123582061416033138,286991115792785036,2305843009213693951
n10000-g1.25-t0.7-r2-h70042,2efaf1348f57,3.14.3,Windows-11-10.0.26200-SP0,"Intel64 Family 6 Model 170 Stepping 4, GenuineIntel",10000,1.25,1.2761752609835624,0.7,11,16127,10000,0.6200781298443604,random,30042,50042,70042,2,271987700,27198.77,4600.0,7700.0,17307.000000000153,40995400,30,44614,4.4614,54614,8700,5008,2919,0.2919,3100.0806101568796,0.9415884188418843,6,54614,29016,6127,1561248,156.1248,2529948,True,1285765672517979161,2272294560785954406,2305843009213693951
n10000-g3-t0.7-r2-h70042,2efaf1348f57,3.14.3,Windows-11-10.0.26200-SP0,"Intel64 Family 6 Model 170 Stepping 4, GenuineIntel",10000,3.0,3.075406859636261,0.7,11,28477,10000,0.351160585735857,random,30042,50042,70042,2,128054500,12805.45,4400.0,5200.0,8300.0,42819100,7,9944,0.9944,19944,3845,3156,1535,0.1535,1755.627348386417,0.8743313331333133,5,19944,37968,18477,2396240,239.624,2944480,True,1401967394619155818,2215063800188871697,2305843009213693951
n10000-g2-t0.8-r2-h70042,2efaf1348f57,3.14.3,Windows-11-10.0.26200-SP0,"Intel64 Family 6 Model 170 Stepping 4, GenuineIntel",10000,2.0,2.026772599602447,0.8,11,12853,10000,0.7780284758422158,random,30042,50042,70042,2,105589600,10558.96,4500.0,6000.0,11000.0,25418200,10,10226,1.0226,20226,6257,4579,4365,0.4365,3889.753364973158,1.1221791179117913,7,20226,19274,2853,1324080,132.408,1603056,True,2140532451734192922,52317000941763767,2305843009213693951
n10000-g1.5-t0.7-r2-h70042,2efaf1348f57,3.14.3,Windows-11-10.0.26200-SP0,"Intel64 Family 6 Model 170 Stepping 4, GenuineIntel",10000,1.5,1.5290144697461625,0.7,11,14867,10000,0.6726306585054147,random,30042,50042,70042,2,141768300,14176.83,4300.0,5100.0,8000.0,30711300,17,20680,2.068,30680,5525,4269,3161,0.3161,3362.8169771978205,0.9399857385738575,5,30680,24768,4867,1470528,147.0528,2100184,True,616501671019868767,1121510920319737401,2305843009213693951
n10000-g3-t0.9-r2-h70042,2efaf1348f57,3.14.3,Windows-11-10.0.26200-SP0,"Intel64 Family 6 Model 170 Stepping 4, GenuineIntel",10000,3.0,3.075406859636261,0.9,11,28477,10000,0.351160585735857,random,30042,50042,70042,2,127727500,12772.75,4400.0,6800.0,10602.000000000044,48591000,7,12786,1.2786,22786,5388,4079,1535,0.1535,1755.627348386417,0.8743313331333133,5,22786,37968,18477,2396240,239.624,3065136,True,1401967394619155818,2215063800188871697,2305843009213693951
n10000-g2-t0.9-r2-h70042,2efaf1348f57,3.14.3,Windows-11-10.0.26200-SP0,"Intel64 Family 6 Model 170 Stepping 4, GenuineIntel",10000,2.0,2.026772599602447,0.9,11,12853,10000,0.7780284758422158,random,30042,50042,70042,2,106703700,10670.37,4400.0,5500.0,8400.0,26492800,10,11506,1.1506,21506,6760,4824,4365,0.4365,3889.753364973158,1.1221791179117913,7,21506,19274,2853,1324080,132.408,1643604,True,2140532451734192922,52317000941763767,2305843009213693951
n10000-g1.5-t0.8-r2-h70042,2efaf1348f57,3.14.3,Windows-11-10.0.26200-SP0,"Intel64 Family 6 Model 170 Stepping 4, GenuineIntel",10000,1.5,1.5290144697461625,0.8,11,14867,10000,0.6726306585054147,random,30042,50042,70042,2,175068600,17506.86,4700.0,6500.0,9700.0,45941300,17,23637,2.3637,33637,6250,4668,3161,0.3161,3362.8169771978205,0.9399857385738575,5,33637,24768,4867,1470528,147.0528,2162712,True,616501671019868767,1121510920319737401,2305843009213693951
n10000-g2-t0.7-r3-h100042,2efaf1348f57,3.14.3,Windows-11-10.0.26200-SP0,"Intel64 Family 6 Model 170 Stepping 4, GenuineIntel",10000,2.0,2.0244165297589,0.7,11,25717,10000,0.3888478438387059,random,40042,70042,100042,3,160643500,16064.35,4600.0,9000.0,10101.000000000022,44194000,11,17943,1.7943,27943,5074,3999,2233,0.2233,1944.0447952716102,1.148636083608361,5,27943,38570,15717,2196880,219.688,3137396,True,1678218114642525821,140165741163539417,2305843009213693951
n10000-g3-t0.5-r3-h100042,2efaf1348f57,3.14.3,Windows-11-10.0.26200-SP0,"Intel64 Family 6 Model 170 Stepping 4, GenuineIntel",10000,3.0,3.075406859636261,0.5,11,28477,10000,0.351160585735857,random,40042,70042,100042,3,109717800,10971.78,4300.0,6100.0,8800.0,33831400,7,7102,0.7102,17102,2872,2475,1467,0.1467,1755.627348386417,0.8355987398739875,4,17102,37968,18477,2397584,239.7584,2808648,True,969530680349787061,742828358962818490,2305843009213693951
n10000-g1.25-t0.7-r3-h100042,2efaf1348f57,3.14.3,Windows-11-10.0.26200-SP0,"Intel64 Family 6 Model 170 Stepping 4, GenuineIntel",10000,1.25,1.2761752609835624,0.7,11,16127,10000,0.6200781298443604,random,40042,70042,100042,3,241159600,24115.96,4300.0,6100.0,11901.000000000022,38987400,30,44614,4.4614,54614,6031,4556,2844,0.2844,3100.0806101568796,0.917395499549955,5,54614,29016,6127,1562336,156.2336,2530052,True,209967521065575326,106090947685889366,2305843009213693951
n10000-g1.5-t0.8-r3-h100042,2efaf1348f57,3.14.3,Windows-11-10.0.26200-SP0,"Intel64 Family 6 Model 170 Stepping 4, GenuineIntel",10000,1.5,1.5290144697461625,0.8,11,14867,10000,0.6726306585054147,random,40042,70042,100042,3,169979000,16997.9,4200.0,5700.0,16700.0,46622300,17,23637,2.3637,33637,6323,4661,3155,0.3155,3362.8169771978205,0.9382015201520153,5,33637,24768,4867,1471008,147.1008,2162628,True,113804778882053273,539984900210946742,2305843009213693951
n10000-g3-t0.8-r3-h100042,2efaf1348f57,3.14.3,Windows-11-10.0.26200-SP0,"Intel64 Family 6 Model 170 Stepping 4, GenuineIntel",10000,3.0,3.075406859636261,0.8,11,28477,10000,0.351160585735857,random,40042,70042,100042,3,120837600,12083.76,4300.0,5200.0,8700.0,44322400,7,11365,1.1365,21365,5117,3879,1467,0.1467,1755.627348386417,0.8355987398739875,4,21365,37968,18477,2397584,239.7584,2995248,True,969530680349787061,742828358962818490,2305843009213693951
n10000-g1.25-t0.9-r3-h100042,2efaf1348f57,3.14.3,Windows-11-10.0.26200-SP0,"Intel64 Family 6 Model 170 Stepping 4, GenuineIntel",10000,1.25,1.2770357192166375,0.9,11,12889,10000,0.7758553805570642,random,40042,70042,100042,3,229314900,22931.49,4400.0,5600.0,9601.000000000022,36668700,29,45770,4.577,55770,7946,5490,3691,0.3691,3878.8889750950425,0.9515611361136113,7,55770,23178,2889,1335088,133.5088,2145928,True,1722098243549328647,1146727155808073262,2305843009213693951
n10000-g4-t0.8-r3-h100042,2efaf1348f57,3.14.3,Windows-11-10.0.26200-SP0,"Intel64 Family 6 Model 170 Stepping 4, GenuineIntel",10000,4.0,4.061552575258115,0.8,11,49297,10000,0.20285210053350103,random,40042,70042,100042,3,142023400,14202.34,4200.0,5900.0,8100.0,67932000,6,13133,1.3133,23133,4772,3722,792,0.0792,1014.1590766172384,0.7809425742574257,3,23133,61620,39297,3731088,373.1088,4659612,True,82620988648231865,854205959242111588,2305843009213693951
n10000-g3-t0.7-r3-h100042,2efaf1348f57,3.14.3,Windows-11-10.0.26200-SP0,"Intel64 Family 6 Model 170 Stepping 4, GenuineIntel",10000,3.0,3.075406859636261,0.7,11,28477,10000,0.351160585735857,random,40042,70042,100042,3,117399400,11739.94,4500.0,5400.0,9300.0,41284900,7,9944,0.9944,19944,4241,3362,1467,0.1467,1755.627348386417,0.8355987398739875,4,19944,37968,18477,2397584,239.7584,2936176,True,969530680349787061,742828358962818490,2305843009213693951
n10000-g1.25-t0.8-r3-h100042,2efaf1348f57,3.14.3,Windows-11-10.0.26200-SP0,"Intel64 Family 6 Model 170 Stepping 4, GenuineIntel",10000,1.25,1.2770357192166375,0.8,11,12889,10000,0.7758553805570642,random,40042,70042,100042,3,226296400,22629.64,4300.0,5100.0,10900.0,37937900,29,40681,4.0681,50681,6922,5009,3691,0.3691,3878.8889750950425,0.9515611361136113,7,50681,23178,2889,1335088,133.5088,2081832,True,1722098243549328647,1146727155808073262,2305843009213693951
n10000-g4-t0.9-r3-h100042,2efaf1348f57,3.14.3,Windows-11-10.0.26200-SP0,"Intel64 Family 6 Model 170 Stepping 4, GenuineIntel",10000,4.0,4.073781941238894,0.9,11,12323,10000,0.8114907084313885,random,40042,70042,100042,3,78994500,7899.45,4800.0,5400.0,8200.0,15429100,5,3685,0.3685,13685,5135,3934,3866,0.3866,4057.0477968027267,0.9529096509650965,6,13685,15402,2323,1301440,130.144,1430148,True,725696558778635720,462114612730891953,2305843009213693951
n10000-g4-t0.5-r3-h100042,2efaf1348f57,3.14.3,Windows-11-10.0.26200-SP0,"Intel64 Family 6 Model 170 Stepping 4, GenuineIntel",10000,4.0,4.061552575258115,0.5,11,49297,10000,0.20285210053350103,random,40042,70042,100042,3,123786400,12378.64,4400.0,5300.0,10401.000000000022,51598400,6,8207,0.8207,18207,2365,2096,792,0.0792,1014.1590766172384,0.7809425742574257,3,18207,61620,39297,3731088,373.1088,4412024,True,82620988648231865,854205959242111588,2305843009213693951
n10000-g4-t0.7-r3-h100042,2efaf1348f57,3.14.3,Windows-11-10.0.26200-SP0,"Intel64 Family 6 Model 170 Stepping 4, GenuineIntel",10000,4.0,4.061552575258115,0.7,11,49297,10000,0.20285210053350103,random,40042,70042,100042,3,138238500,13823.85,4500.0,5700.0,14301.000000000022,60161400,6,11491,1.1491,21491,3860,3135,792,0.0792,1014.1590766172384,0.7809425742574257,3,21491,61620,39297,3731088,373.1088,4581256,True,82620988648231865,854205959242111588,2305843009213693951
n10000-g3-t0.9-r3-h100042,2efaf1348f57,3.14.3,Windows-11-10.0.26200-SP0,"Intel64 Family 6 Model 170 Stepping 4, GenuineIntel",10000,3.0,3.075406859636261,0.9,11,28477,10000,0.351160585735857,random,40042,70042,100042,3,134882100,13488.21,4300.0,5900.0,11501.000000000022,56698000,7,12786,1.2786,22786,6043,4408,1467,0.1467,1755.627348386417,0.8355987398739875,4,22786,37968,18477,2397584,239.7584,3053824,True,969530680349787061,742828358962818490,2305843009213693951
n10000-g1.5-t0.7-r3-h100042,2efaf1348f57,3.14.3,Windows-11-10.0.26200-SP0,"Intel64 Family 6 Model 170 Stepping 4, GenuineIntel",10000,1.5,1.5290144697461625,0.7,11,14867,10000,0.6726306585054147,random,40042,70042,100042,3,148815300,14881.53,4500.0,5400.0,8500.0,31671200,17,20680,2.068,30680,5620,4280,3155,0.3155,3362.8169771978205,0.9382015201520153,5,30680,24768,4867,1471008,147.1008,2099748,True,113804778882053273,539984900210946742,2305843009213693951
n10000-g2-t0.8-r3-h100042,2efaf1348f57,3.14.3,Windows-11-10.0.26200-SP0,"Intel64 Family 6 Model 170 Stepping 4, GenuineIntel",10000,2.0,2.026772599602447,0.8,11,12853,10000,0.7780284758422158,random,40042,70042,100042,3,102348600,10234.86,4400.0,5300.0,10600.0,24162500,10,10226,1.0226,20226,5757,4393,3677,0.3677,3889.753364973158,0.9453041504150415,6,20226,19274,2853,1333392,133.3392,1603476,True,1707529223089527723,1660552831838684743,2305843009213693951
n10000-g1.5-t0.5-r3-h100042,2efaf1348f57,3.14.3,Windows-11-10.0.26200-SP0,"Intel64 Family 6 Model 170 Stepping 4, GenuineIntel",10000,1.5,1.5274118968527437,0.5,11,22303,10000,0.44837017441599786,random,40042,70042,100042,3,165485000,16548.5,4300.0,5300.0,13000.0,38759100,18,22203,2.2203,32203,3933,3269,1999,0.1999,2241.6266869927813,0.8917631163116312,4,32203,37170,12303,1986464,198.6464,2948156,True,2032680673650913499,2014977461342034341,2305843009213693951
n10000-g2-t0.9-r3-h100042,2efaf1348f57,3.14.3,Windows-11-10.0.26200-SP0,"Intel64 Family 6 Model 170 Stepping 4, GenuineIntel",10000,2.0,2.026772599602447,0.9,11,12853,10000,0.7780284758422158,random,40042,70042,100042,3,111897400,11189.74,4400.0,6600.0,13002.000000000044,27777900,10,11506,1.1506,21506,6250,4664,3677,0.3677,3889.753364973158,0.9453041504150415,6,21506,19274,2853,1333392,133.3392,1644248,True,1707529223089527723,1660552831838684743,2305843009213693951
n10000-g1.5-t0.9-r3-h100042,2efaf1348f57,3.14.3,Windows-11-10.0.26200-SP0,"Intel64 Family 6 Model 170 Stepping 4, GenuineIntel",10000,1.5,1.5290144697461625,0.9,11,14867,10000,0.6726306585054147,random,40042,70042,100042,3,179924200,17992.42,4800.0,7300.0,12101.000000000022,41625900,17,26594,2.6594,36594,7163,5085,3155,0.3155,3362.8169771978205,0.9382015201520153,5,36594,24768,4867,1471008,147.1008,2224996,True,113804778882053273,539984900210946742,2305843009213693951
n10000-g1.25-t0.5-r3-h100042,2efaf1348f57,3.14.3,Windows-11-10.0.26200-SP0,"Intel64 Family 6 Model 170 Stepping 4, GenuineIntel",10000,1.25,1.2753353982930995,0.5,11,20161,10000,0.49600714250285205,random,40042,70042,100042,3,275267000,27526.7,4400.0,5400.0,9500.0,45630500,31,39928,3.9928,49928,4384,3566,2239,0.2239,2479.787708943009,0.9028998699869987,5,49928,36288,10161,1838992,183.8992,2950732,True,742541064090748023,1329144817845688235,2305843009213693951
n10000-g2-t0.5-r3-h100042,2efaf1348f57,3.14.3,Windows-11-10.0.26200-SP0,"Intel64 Family 6 Model 170 Stepping 4, GenuineIntel",10000,2.0,2.0244165297589,0.5,11,25717,10000,0.3888478438387059,random,40042,70042,100042,3,141868900,14186.89,4700.0,7600.0,13700.0,41641400,11,12816,1.2816,22816,3665,3065,2233,0.2233,1944.0447952716102,1.148636083608361,5,22816,38570,15717,2196880,219.688,2963984,True,1678218114642525821,140165741163539417,2305843009213693951
n10000-g4-t0.8-r4-h130042,2efaf1348f57,3.14.3,Windows-11-10.0.26200-SP0,"Intel64 Family 6 Model 170 Stepping 4, GenuineIntel",10000,4.0,4.061552575258115,0.8,11,49297,10000,0.20285210053350103,random,50042,90042,130042,4,162421800,16242.18,4600.0,6700.0,12400.0,79665300,6,13133,1.3133,23133,4756,3715,745,0.0745,1014.1590766172384,0.7345987598759876,3,23133,61620,39297,3732720,373.272,4658400,True,1261420028908620234,179813914822843760,2305843009213693951
n10000-g1.5-t0.7-r4-h130042,2efaf1348f57,3.14.3,Windows-11-10.0.26200-SP0,"Intel64 Family 6 Model 170 Stepping 4, GenuineIntel",10000,1.5,1.5290144697461625,0.7,11,14867,10000,0.6726306585054147,random,50042,90042,130042,4,173732300,17373.23,5000.0,6700.0,10500.0,34075700,17,20680,2.068,30680,5809,4390,3479,0.3479,3362.8169771978205,1.0345493149314933,5,30680,24768,4867,1465056,146.5056,2098804,True,1451335047593738072,1725131032970636998,2305843009213693951
n10000-g1.25-t0.5-r4-h130042,2efaf1348f57,3.14.3,Windows-11-10.0.26200-SP0,"Intel64 Family 6 Model 170 Stepping 4, GenuineIntel",10000,1.25,1.2753353982930995,0.5,11,20161,10000,0.49600714250285205,random,50042,90042,130042,4,265947400,26594.74,4600.0,5600.0,10303.000000000065,45347800,31,39928,3.9928,49928,4184,3444,2198,0.2198,2479.787708943009,0.8863661966196619,4,49928,36288,10161,1839664,183.9664,2950696,True,702185212597435424,1700261459066608259,2305843009213693951
n10000-g1.5-t0.8-r4-h130042,2efaf1348f57,3.14.3,Windows-11-10.0.26200-SP0,"Intel64 Family 6 Model 170 Stepping 4, GenuineIntel",10000,1.5,1.5290144697461625,0.8,11,14867,10000,0.6726306585054147,random,50042,90042,130042,4,179145700,17914.57,4600.0,7300.0,9400.0,48077400,17,23637,2.3637,33637,6472,4725,3479,0.3479,3362.8169771978205,1.0345493149314933,5,33637,24768,4867,1465056,146.5056,2160340,True,1451335047593738072,1725131032970636998,2305843009213693951
n10000-g4-t0.9-r4-h130042,2efaf1348f57,3.14.3,Windows-11-10.0.26200-SP0,"Intel64 Family 6 Model 170 Stepping 4, GenuineIntel",10000,4.0,4.073781941238894,0.9,11,12323,10000,0.8114907084313885,random,50042,90042,130042,4,84046600,8404.66,4700.0,6100.0,14800.0,17216200,5,3685,0.3685,13685,5094,3929,3926,0.3926,4057.0477968027267,0.9676987298729873,6,13685,15402,2323,1299776,129.9776,1428528,True,1213554751921887004,1608349030757973988,2305843009213693951
n10000-g2-t0.9-r4-h130042,2efaf1348f57,3.14.3,Windows-11-10.0.26200-SP0,"Intel64 Family 6 Model 170 Stepping 4, GenuineIntel",10000,2.0,2.026772599602447,0.9,11,12853,10000,0.7780284758422158,random,50042,90042,130042,4,116458800,11645.88,4800.0,6700.0,10800.0,28421000,10,11506,1.1506,21506,6225,4618,3644,0.3644,3889.753364973158,0.9368203220322032,5,21506,19274,2853,1333968,133.3968,1643056,True,356427331773283763,1023736245059445953,2305843009213693951
n10000-g1.25-t0.7-r4-h130042,2efaf1348f57,3.14.3,Windows-11-10.0.26200-SP0,"Intel64 Family 6 Model 170 Stepping 4, GenuineIntel",10000,1.25,1.2761752609835624,0.7,11,16127,10000,0.6200781298443604,random,50042,90042,130042,4,241062800,24106.28,4500.0,5500.0,10600.0,39032500,30,44614,4.4614,54614,6035,4550,2819,0.2819,3100.0806101568796,0.909331193119312,5,54614,29016,6127,1563744,156.3744,2529788,True,1897945020599192566,519896556425075558,2305843009213693951
n10000-g2-t0.5-r4-h130042,2efaf1348f57,3.14.3,Windows-11-10.0.26200-SP0,"Intel64 Family 6 Model 170 Stepping 4, GenuineIntel",10000,2.0,2.0244165297589,0.5,11,25717,10000,0.3888478438387059,random,50042,90042,130042,4,132856700,13285.67,4300.0,6100.0,13300.0,39497100,11,12816,1.2816,22816,3293,2838,1738,0.1738,1944.0447952716102,0.8940123212321233,5,22816,38570,15717,2209264,220.9264,2964064,True,987820863660137973,1418700263064881034,2305843009213693951
n10000-g4-t0.5-r4-h130042,2efaf1348f57,3.14.3,Windows-11-10.0.26200-SP0,"Intel64 Family 6 Model 170 Stepping 4, GenuineIntel",10000,4.0,4.061552575258115,0.5,11,49297,10000,0.20285210053350103,random,50042,90042,130042,4,147308800,14730.88,4500.0,6700.0,10700.0,69921500,6,8207,0.8207,18207,2273,2004,745,0.0745,1014.1590766172384,0.7345987598759876,3,18207,61620,39297,3732720,373.272,4412580,True,1261420028908620234,179813914822843760,2305843009213693951
n10000-g1.5-t0.9-r4-h130042,2efaf1348f57,3.14.3,Windows-11-10.0.26200-SP0,"Intel64 Family 6 Model 170 Stepping 4, GenuineIntel",10000,1.5,1.5290144697461625,0.9,11,14867,10000,0.6726306585054147,random,50042,90042,130042,4,180739000,18073.9,4800.0,7600.0,14201.000000000022,40092500,17,26594,2.6594,36594,7295,5118,3479,0.3479,3362.8169771978205,1.0345493149314933,5,36594,24768,4867,1465056,146.5056,2223956,True,1451335047593738072,1725131032970636998,2305843009213693951
n10000-g1.5-t0.5-r4-h130042,2efaf1348f57,3.14.3,Windows-11-10.0.26200-SP0,"Intel64 Family 6 Model 170 Stepping 4, GenuineIntel",10000,1.5,1.5274118968527437,0.5,11,22303,10000,0.44837017441599786,random,50042,90042,130042,4,170059500,17005.95,4300.0,5500.0,17900.0,40384000,18,22203,2.2203,32203,4009,3328,2092,0.2092,2241.6266869927813,0.9332508450845084,5,32203,37170,12303,1984576,198.4576,2944916,True,58838981549689396,1162958441174123353,2305843009213693951
n10000-g3-t0.9-r4-h130042,2efaf1348f57,3.14.3,Windows-11-10.0.26200-SP0,"Intel64 Family 6 Model 170 Stepping 4, GenuineIntel",10000,3.0,3.075406859636261,0.9,11,28477,10000,0.351160585735857,random,50042,90042,130042,4,126194800,12619.48,4500.0,6500.0,14001.000000000022,45812600,7,12786,1.2786,22786,5584,4257,2496,0.2496,1755.627348386417,1.4217140114011402,4,22786,37968,18477,2372880,237.288,3065264,True,719411767517639018,2162287493092420241,2305843009213693951
n10000-g3-t0.7-r4-h130042,2efaf1348f57,3.14.3,Windows-11-10.0.26200-SP0,"Intel64 Family 6 Model 170 Stepping 4, GenuineIntel",10000,3.0,3.075406859636261,0.7,11,28477,10000,0.351160585735857,random,50042,90042,130042,4,117612400,11761.24,4500.0,5500.0,9100.0,42383500,7,9944,0.9944,19944,4277,3488,2496,0.2496,1755.627348386417,1.4217140114011402,4,19944,37968,18477,2372880,237.288,2945376,True,719411767517639018,2162287493092420241,2305843009213693951
n10000-g1.25-t0.8-r4-h130042,2efaf1348f57,3.14.3,Windows-11-10.0.26200-SP0,"Intel64 Family 6 Model 170 Stepping 4, GenuineIntel",10000,1.25,1.2770357192166375,0.8,11,12889,10000,0.7758553805570642,random,50042,90042,130042,4,240972000,24097.2,4600.0,5900.0,14602.000000000044,34072700,29,40681,4.0681,50681,7015,5065,3705,0.3705,3878.8889750950425,0.9551704170417041,6,50681,23178,2889,1335312,133.5312,2083360,True,490751760513298166,1410144398052681270,2305843009213693951
n10000-g4-t0.7-r4-h130042,2efaf1348f57,3.14.3,Windows-11-10.0.26200-SP0,"Intel64 Family 6 Model 170 Stepping 4, GenuineIntel",10000,4.0,4.061552575258115,0.7,11,49297,10000,0.20285210053350103,random,50042,90042,130042,4,138727000,13872.7,4500.0,5500.0,9400.0,62507300,6,11491,1.1491,21491,3841,3119,745,0.0745,1014.1590766172384,0.7345987598759876,3,21491,61620,39297,3732720,373.272,4580884,True,1261420028908620234,179813914822843760,2305843009213693951
n10000-g2-t0.7-r4-h130042,2efaf1348f57,3.14.3,Windows-11-10.0.26200-SP0,"Intel64 Family 6 Model 170 Stepping 4, GenuineIntel",10000,2.0,2.0244165297589,0.7,11,25717,10000,0.3888478438387059,random,50042,90042,130042,4,147076300,14707.63,4400.0,5300.0,8501.000000000022,47860800,11,17943,1.7943,27943,4804,3823,1738,0.1738,1944.0447952716102,0.8940123212321233,5,27943,38570,15717,2209264,220.9264,3137868,True,987820863660137973,1418700263064881034,2305843009213693951
n10000-g1.25-t0.9-r4-h130042,2efaf1348f57,3.14.3,Windows-11-10.0.26200-SP0,"Intel64 Family 6 Model 170 Stepping 4, GenuineIntel",10000,1.25,1.2770357192166375,0.9,11,12889,10000,0.7758553805570642,random,50042,90042,130042,4,251829100,25182.91,4500.0,6100.0,9600.0,38204800,29,45770,4.577,55770,7844,5425,3705,0.3705,3878.8889750950425,0.9551704170417041,6,55770,23178,2889,1335312,133.5312,2148064,True,490751760513298166,1410144398052681270,2305843009213693951
n10000-g3-t0.5-r4-h130042,2efaf1348f57,3.14.3,Windows-11-10.0.26200-SP0,"Intel64 Family 6 Model 170 Stepping 4, GenuineIntel",10000,3.0,3.075406859636261,0.5,11,28477,10000,0.351160585735857,random,50042,90042,130042,4,111153800,11115.38,4600.0,5400.0,9700.0,35642600,7,7102,0.7102,17102,3434,2914,2496,0.2496,1755.627348386417,1.4217140114011402,4,17102,37968,18477,2372880,237.288,2813496,True,719411767517639018,2162287493092420241,2305843009213693951
n10000-g3-t0.8-r4-h130042,2efaf1348f57,3.14.3,Windows-11-10.0.26200-SP0,"Intel64 Family 6 Model 170 Stepping 4, GenuineIntel",10000,3.0,3.075406859636261,0.8,11,28477,10000,0.351160585735857,random,50042,90042,130042,4,126734900,12673.49,4700.0,5900.0,9200.0,44312700,7,11365,1.1365,21365,4887,3850,2496,0.2496,1755.627348386417,1.4217140114011402,4,21365,37968,18477,2372880,237.288,3004928,True,719411767517639018,2162287493092420241,2305843009213693951
n10000-g2-t0.8-r4-h130042,2efaf1348f57,3.14.3,Windows-11-10.0.26200-SP0,"Intel64 Family 6 Model 170 Stepping 4, GenuineIntel",10000,2.0,2.026772599602447,0.8,11,12853,10000,0.7780284758422158,random,50042,90042,130042,4,114355400,11435.54,4900.0,6700.0,10801.000000000022,26520400,10,10226,1.0226,20226,5669,4339,3644,0.3644,3889.753364973158,0.9368203220322032,5,20226,19274,2853,1333968,133.3968,1602412,True,356427331773283763,1023736245059445953,2305843009213693951
n10000-g1.25-t0.9-r5-h160042,2efaf1348f57,3.14.3,Windows-11-10.0.26200-SP0,"Intel64 Family 6 Model 170 Stepping 4, GenuineIntel",10000,1.25,1.2770357192166375,0.9,11,12889,10000,0.7758553805570642,random,60042,110042,160042,5,267984400,26798.44,4800.0,5700.0,12600.0,41941600,29,45770,4.577,55770,7791,5395,3567,0.3567,3878.8889750950425,0.9195932193219322,5,55770,23178,2889,1337264,133.7264,2147800,True,1082982287812154591,1266399236269489572,2305843009213693951
n10000-g1.5-t0.9-r5-h160042,2efaf1348f57,3.14.3,Windows-11-10.0.26200-SP0,"Intel64 Family 6 Model 170 Stepping 4, GenuineIntel",10000,1.5,1.5290144697461625,0.9,11,14867,10000,0.6726306585054147,random,60042,110042,160042,5,182635000,18263.5,4800.0,6000.0,17400.0,41438000,17,26594,2.6594,36594,7280,5184,3138,0.3138,3362.8169771978205,0.9331462346234624,6,36594,24768,4867,1470912,147.0912,2224480,True,1473503377183367983,709593445440876555,2305843009213693951
n10000-g2-t0.9-r5-h160042,2efaf1348f57,3.14.3,Windows-11-10.0.26200-SP0,"Intel64 Family 6 Model 170 Stepping 4, GenuineIntel",10000,2.0,2.026772599602447,0.9,11,12853,10000,0.7780284758422158,random,60042,110042,160042,5,119256500,11925.65,5000.0,6700.0,10702.000000000044,29541400,10,11506,1.1506,21506,6314,4662,3763,0.3763,3889.753364973158,0.9674135213521352,6,21506,19274,2853,1332048,133.2048,1643504,True,1959121981469107010,1507887399001509498,2305843009213693951
n10000-g1.25-t0.8-r5-h160042,2efaf1348f57,3.14.3,Windows-11-10.0.26200-SP0,"Intel64 Family 6 Model 170 Stepping 4, GenuineIntel",10000,1.25,1.2770357192166375,0.8,11,12889,10000,0.7758553805570642,random,60042,110042,160042,5,237177300,23717.73,4800.0,6900.0,11300.0,37179000,29,40681,4.0681,50681,7049,5084,3567,0.3567,3878.8889750950425,0.9195932193219322,5,50681,23178,2889,1337264,133.7264,2083264,True,1082982287812154591,1266399236269489572,2305843009213693951
n10000-g1.5-t0.7-r5-h160042,2efaf1348f57,3.14.3,Windows-11-10.0.26200-SP0,"Intel64 Family 6 Model 170 Stepping 4, GenuineIntel",10000,1.5,1.5290144697461625,0.7,11,14867,10000,0.6726306585054147,random,60042,110042,160042,5,163810100,16381.01,4800.0,6200.0,10300.0,36516000,17,20680,2.068,30680,5544,4280,3138,0.3138,3362.8169771978205,0.9331462346234624,6,30680,24768,4867,1470912,147.0912,2099904,True,1473503377183367983,709593445440876555,2305843009213693951
n10000-g1.25-t0.5-r5-h160042,2efaf1348f57,3.14.3,Windows-11-10.0.26200-SP0,"Intel64 Family 6 Model 170 Stepping 4, GenuineIntel",10000,1.25,1.2753353982930995,0.5,11,20161,10000,0.49600714250285205,random,60042,110042,160042,5,276425200,27642.52,4800.0,5600.0,12401.000000000022,43354400,31,39928,3.9928,49928,4322,3559,2266,0.2266,2479.787708943009,0.9137878987898789,5,49928,36288,10161,1838352,183.8352,2948072,True,249773903025442524,1223127775960247934,2305843009213693951
n10000-g4-t0.8-r5-h160042,2efaf1348f57,3.14.3,Windows-11-10.0.26200-SP0,"Intel64 Family 6 Model 170 Stepping 4, GenuineIntel",10000,4.0,4.061552575258115,0.8,11,49297,10000,0.20285210053350103,random,60042,110042,160042,5,162725500,16272.55,4900.0,6100.0,10202.000000000044,76709800,6,13133,1.3133,23133,4778,3768,827,0.0827,1014.1590766172384,0.8154539253925392,3,23133,61620,39297,3730320,373.032,4658124,True,728674461801851590,914323641897661220,2305843009213693951
n10000-g4-t0.5-r5-h160042,2efaf1348f57,3.14.3,Windows-11-10.0.26200-SP0,"Intel64 Family 6 Model 170 Stepping 4, GenuineIntel",10000,4.0,4.061552575258115,0.5,11,49297,10000,0.20285210053350103,random,60042,110042,160042,5,140451000,14045.1,4700.0,5800.0,9900.0,62819900,6,8207,0.8207,18207,2377,2102,827,0.0827,1014.1590766172384,0.8154539253925392,3,18207,61620,39297,3730320,373.032,4412616,True,728674461801851590,914323641897661220,2305843009213693951
n10000-g1.25-t0.7-r5-h160042,2efaf1348f57,3.14.3,Windows-11-10.0.26200-SP0,"Intel64 Family 6 Model 170 Stepping 4, GenuineIntel",10000,1.25,1.2761752609835624,0.7,11,16127,10000,0.6200781298443604,random,60042,110042,160042,5,275710500,27571.05,4800.0,6400.0,20306.00000000013,44429700,30,44614,4.4614,54614,6066,4618,2926,0.2926,3100.0806101568796,0.9438464246424643,5,54614,29016,6127,1561024,156.1024,2531324,True,296983886265880265,1707146801477629335,2305843009213693951
n10000-g2-t0.7-r5-h160042,2efaf1348f57,3.14.3,Windows-11-10.0.26200-SP0,"Intel64 Family 6 Model 170 Stepping 4, GenuineIntel",10000,2.0,2.0244165297589,0.7,11,25717,10000,0.3888478438387059,random,60042,110042,160042,5,165925500,16592.55,4900.0,6700.0,12000.0,53118800,11,17943,1.7943,27943,4972,3903,1667,0.1667,1944.0447952716102,0.8574905290529053,4,27943,38570,15717,2210672,221.0672,3136276,True,144675229512126277,2217075565996547241,2305843009213693951
n10000-g3-t0.7-r5-h160042,2efaf1348f57,3.14.3,Windows-11-10.0.26200-SP0,"Intel64 Family 6 Model 170 Stepping 4, GenuineIntel",10000,3.0,3.075406859636261,0.7,11,28477,10000,0.351160585735857,random,60042,110042,160042,5,136208600,13620.86,5000.0,7300.0,28603.000000000065,45526900,7,9944,0.9944,19944,3780,3097,1450,0.145,1755.627348386417,0.825915591559156,5,19944,37968,18477,2398384,239.8384,2943808,True,894173606836323480,1354168775011378655,2305843009213693951
n10000-g4-t0.9-r5-h160042,2efaf1348f57,3.14.3,Windows-11-10.0.26200-SP0,"Intel64 Family 6 Model 170 Stepping 4, GenuineIntel",10000,4.0,4.073781941238894,0.9,11,12323,10000,0.8114907084313885,random,60042,110042,160042,5,106693800,10669.38,5200.0,6800.0,11002.000000000044,31592600,5,3685,0.3685,13685,5095,3965,3824,0.3824,4057.0477968027267,0.9425572957295729,6,13685,15402,2323,1299904,129.9904,1428628,True,1523823901846226518,1023619030834206161,2305843009213693951
n10000-g2-t0.8-r5-h160042,2efaf1348f57,3.14.3,Windows-11-10.0.26200-SP0,"Intel64 Family 6 Model 170 Stepping 4, GenuineIntel",10000,2.0,2.026772599602447,0.8,11,12853,10000,0.7780284758422158,random,60042,110042,160042,5,116246800,11624.68,5000.0,6200.0,10000.0,26283200,10,10226,1.0226,20226,5790,4371,3763,0.3763,3889.753364973158,0.9674135213521352,6,20226,19274,2853,1332048,133.2048,1603084,True,1959121981469107010,1507887399001509498,2305843009213693951
n10000-g1.5-t0.5-r5-h160042,2efaf1348f57,3.14.3,Windows-11-10.0.26200-SP0,"Intel64 Family 6 Model 170 Stepping 4, GenuineIntel",10000,1.5,1.5274118968527437,0.5,11,22303,10000,0.44837017441599786,random,60042,110042,160042,5,187868500,18786.85,4900.0,6100.0,9400.0,42499800,18,22203,2.2203,32203,3880,3248,2083,0.2083,2241.6266869927813,0.929235903590359,4,32203,37170,12303,1984448,198.4448,2949884,True,1965254545819314856,866871868142341071,2305843009213693951
n10000-g3-t0.5-r5-h160042,2efaf1348f57,3.14.3,Windows-11-10.0.26200-SP0,"Intel64 Family 6 Model 170 Stepping 4, GenuineIntel",10000,3.0,3.075406859636261,0.5,11,28477,10000,0.351160585735857,random,60042,110042,160042,5,141340000,14134.0,5100.0,7100.0,10201.000000000022,58614300,7,7102,0.7102,17102,2657,2322,1450,0.145,1755.627348386417,0.825915591559156,5,17102,37968,18477,2398384,239.8384,2813208,True,894173606836323480,1354168775011378655,2305843009213693951
n10000-g1.5-t0.8-r5-h160042,2efaf1348f57,3.14.3,Windows-11-10.0.26200-SP0,"Intel64 Family 6 Model 170 Stepping 4, GenuineIntel",10000,1.5,1.5290144697461625,0.8,11,14867,10000,0.6726306585054147,random,60042,110042,160042,5,185434700,18543.47,5200.0,7300.0,14000.0,40750500,17,23637,2.3637,33637,6397,4752,3138,0.3138,3362.8169771978205,0.9331462346234624,6,33637,24768,4867,1470912,147.0912,2161184,True,1473503377183367983,709593445440876555,2305843009213693951
n10000-g4-t0.7-r5-h160042,2efaf1348f57,3.14.3,Windows-11-10.0.26200-SP0,"Intel64 Family 6 Model 170 Stepping 4, GenuineIntel",10000,4.0,4.061552575258115,0.7,11,49297,10000,0.20285210053350103,random,60042,110042,160042,5,178594800,17859.48,5100.0,7400.0,12000.0,86326900,6,11491,1.1491,21491,3918,3213,827,0.0827,1014.1590766172384,0.8154539253925392,3,21491,61620,39297,3730320,373.032,4580152,True,728674461801851590,914323641897661220,2305843009213693951
n10000-g2-t0.5-r5-h160042,2efaf1348f57,3.14.3,Windows-11-10.0.26200-SP0,"Intel64 Family 6 Model 170 Stepping 4, GenuineIntel",10000,2.0,2.0244165297589,0.5,11,25717,10000,0.3888478438387059,random,60042,110042,160042,5,155198400,15519.84,5200.0,7100.0,9900.0,43324500,11,12816,1.2816,22816,3439,2932,1667,0.1667,1944.0447952716102,0.8574905290529053,4,22816,38570,15717,2210672,221.0672,2962568,True,144675229512126277,2217075565996547241,2305843009213693951
n10000-g3-t0.8-r5-h160042,2efaf1348f57,3.14.3,Windows-11-10.0.26200-SP0,"Intel64 Family 6 Model 170 Stepping 4, GenuineIntel",10000,3.0,3.075406859636261,0.8,11,28477,10000,0.351160585735857,random,60042,110042,160042,5,136527300,13652.73,5100.0,5900.0,10200.0,49652100,7,11365,1.1365,21365,4502,3545,1450,0.145,1755.627348386417,0.825915591559156,5,21365,37968,18477,2398384,239.8384,3004608,True,894173606836323480,1354168775011378655,2305843009213693951
n10000-g3-t0.9-r5-h160042,2efaf1348f57,3.14.3,Windows-11-10.0.26200-SP0,"Intel64 Family 6 Model 170 Stepping 4, GenuineIntel",10000,3.0,3.075406859636261,0.9,11,28477,10000,0.351160585735857,random,60042,110042,160042,5,143500300,14350.03,5000.0,6200.0,10700.0,54371200,7,12786,1.2786,22786,5363,4063,1450,0.145,1755.627348386417,0.825915591559156,5,22786,37968,18477,2398384,239.8384,3066000,True,894173606836323480,1354168775011378655,2305843009213693951
